Brand,Average Price (€),Tier
,,unknown
maserati r8853100022,239.33,budget
charriol parisi,1165.0,mid-range
prexa 18k,391.0,budget
hermes hour,7823.33,luxury
english deadly,47135.0,luxury
thermidor new,280.8,budget
vanroy faceted,1071.0,mid-range
lyndamar,,unknown
rolex pearlmaster,107210.0,luxury
jacques,1072.4,mid-range
longines ultrachron,1517.4,mid-range
strap compatible,1000.0,mid-range
citizen bn2037,723.33,budget
porsche porsche,2829.4,mid-range
enicar mro,349.5,budget
sector 650,585.33,budget
seiko srpb61k1,791.2,budget
shell,4380.4,luxury
glashutte,10711.4,luxury
henry,354.6,budget
corum admirals,3374.8,luxury
locman stealth,282.4,budget
pierce swiss,1501.33,mid-range
rolex replacement,21334.2,luxury
breitling pilot,1615.2,mid-range
burdeen s,4020.0,luxury
tudor blackbay,7780.8,luxury
galo,6030.2,luxury
adriatica extra,141.8,budget
romain gauthier,110683.4,luxury
seiko solar,453.4,budget
buler super,344.0,budget
kraiko kelek,,unknown
eterna kontiki,1047.6,mid-range
wenger damen,223.2,budget
vixa,4536.25,luxury
ebel stahl,1898.0,mid-range
junghans master,2864.8,mid-range
chopard tonneau,7663.2,luxury
tudor bnib,6029.4,luxury
arctos,1947.2,mid-range
hermes zero,1157.4,mid-range
chopard classique,7096.8,luxury
dkny,127.6,budget
rolex lady,13969.4,luxury
citizen wingman,310.5,budget
lassale,486.0,budget
cartier lady,4710.6,luxury
cedric,14480.0,luxury
us army,626.6,budget
gucci brown,951.0,budget
bulgari bulgari,3718.8,luxury
s oliver,16379.8,luxury
scalfaro,4574.0,luxury
hirsch leather,168.0,budget
parts,2416.4,mid-range
auguste reymond,535.4,budget
j bianchi,2446.6,mid-range
julien le,3500171.0,luxury
sabina,3122.8,luxury
rolex 178241,11921.6,luxury
orient cevad004b,214.8,budget
hublot elegant,4174.8,luxury
skagen,67.8,budget
bobroff,,unknown
mostic,,unknown
gucci youplay,560.2,budget
wdp,,unknown
bucherer,5881.2,luxury
swarovski,790.2,budget
alpina startimer,487.8,budget
seiko sbgf009,868.5,budget
eweco,282.33,budget
jacques lemans,449.4,budget
enicar sherpa,1716.6,mid-range
universal,3288.2,luxury
pulsar rare,377.6,budget
longines flagship,678.8,budget
bulgari stainless,1827.0,mid-range
unichron croton,300.0,budget
atelier,981.8,budget
clerc,3255.4,luxury
kuki,2158.2,mid-range
emil,31470.2,luxury
rado diamonds,2023.0,mid-range
seiko pogue,1170.6,mid-range
armani ar1946,139.0,budget
zenith pilot,9332.0,luxury
omega de,54655.4,luxury
family,21274.6,luxury
zenith zenitissimo,1745.25,mid-range
rolex 116233,10750.6,luxury
balmain,684.0,budget
ball trainmaster,1409.8,mid-range
raven nephews,1165.2,mid-range
dubois 1785,1579.6,mid-range
preisig schaffhausen,,unknown
olivia,,unknown
seiko marvel,462.4,budget
west end,466.8,budget
elgin,1517.8,mid-range
tudor 2017,3262.0,luxury
certina gents,727.8,budget
fortis b,1836.0,mid-range
swiss made,657.0,budget
wittnauer crown,411.8,budget
daisy dixon,71.6,budget
bruno,542.8,budget
rolex oyster,2501.4,mid-range
rolex midsize,8849.2,luxury
tudor oyster,2126.0,mid-range
movado zenith,3631.4,luxury
south bend,1124.0,mid-range
chop,14976.8,luxury
jw benson,1616.8,mid-range
meistersinger perigraph,1967.8,mid-range
zeppelin lz120,357.6,budget
ecrin,3990.8,luxury
law,951.2,budget
luxan diver,,unknown
breguet transatlantique,11223.8,luxury
s alexander,2039.8,mid-range
moretime,288.0,budget
eterna matic,559.0,budget
steelcraft,2994.0,mid-range
cartier replacement,5344.0,luxury
casio casio,278.0,budget
fleurier,10765.2,luxury
steinhart ocean,412.0,budget
illinois,1071.2,mid-range
sandoz,308.6,budget
diverse mouth,646.0,budget
iwc portugieser,10581.4,luxury
slava ussr,100.4,budget
garmin fenix,346.0,budget
lip rally,1560.0,mid-range
montblanc sport,1643.6,mid-range
zenith,8506.8,luxury
seiko ssb031,791.2,budget
omega 1128,9420.2,luxury
italy technical,991.0,budget
svend andersen,106000.0,luxury
junghans ladies,883.6,budget
d1 milano,723.2,budget
h star,3910.2,luxury
nomos club,2180.0,mid-range
le phare,6087.4,luxury
ricoc,15338.67,luxury
lip,356.0,budget
andersen geneva,41207.4,luxury
azzaro,,unknown
zenith 18k,13917.4,luxury
junghans 041,623.8,budget
rolex dec,10489.4,luxury
cyclos,10699.5,luxury
longines men,1533.8,mid-range
frank jutzi,1727.4,mid-range
certina,648.0,budget
ratio,,unknown
buti,3390.0,luxury
joseph,939.6,budget
versace new,1109.4,mid-range
seiko srp777k1,428.25,budget
please wait,55072.6,luxury
edox les,513.4,budget
ventura,2504.0,mid-range
movado datron,4588.0,luxury
eterna men,4256.4,luxury
seiko jnr,791.2,budget
pierre deroche,6807.8,luxury
rolex precision,2879.6,mid-range
meet,8641.2,luxury
nethuns,510.0,budget
coresa suisse,1399.0,mid-range
sigma valmon,2108.0,mid-range
sale raketa,542.2,budget
technicum bienne,8886.0,luxury
rolf lang,26588.0,luxury
glashutte pano,9061.8,luxury
bulgari diagono,3880.4,luxury
aquanautic,3076.6,luxury
unver,4494.6,luxury
kalos,591.4,budget
iwc iw388004,9239.8,luxury
despite,,unknown
clockwork,27933.33,luxury
breitling new,4334.6,luxury
iwc 22x18mm,6701.2,luxury
thomas ninchritz,6363.0,luxury
iwc pin,10068.6,luxury
weekly,41127.2,luxury
victorinox swiss,727.0,budget
bifora,302.4,budget
kronotype,9675.4,luxury
tissot new,736.0,budget
rolex mater,40263.67,luxury
shark 20,1452.8,mid-range
rolex new,25434.0,luxury
paul hewitt,177.6,budget
poljot time,333.2,budget
amazing,8833.8,luxury
stowa marine,1210.4,mid-range
dior christal,2243.6,mid-range
boldr expedition,720.2,budget
mediater extra,1726.8,mid-range
from bethune,8194.4,luxury
junkers 6032,309.8,budget
khs,449.8,budget
lorus rm391cx9,117.4,budget
oris tt1,1395.8,mid-range
pequignet 1323448,2210.2,mid-range
deltat,369.0,budget
breitling military,3812.8,luxury
bvlgari diagono,4972.4,luxury
alba,270.0,budget
sinn t1,2265.2,mid-range
herzfeld,,unknown
hublot big,15069.6,luxury
breitling crocodile,5404.0,luxury
dior chiffre,1872.2,mid-range
casio baby,127.4,budget
ladies rolex,7640.6,luxury
anonymous nautilus,188915.0,luxury
rolex bracelet,12808.0,luxury
breitling transocean,4358.0,luxury
rubber set,10998.2,luxury
bulova admiral,490.6,budget
mirexal,369.2,budget
omega chronostop,1218.0,mid-range
breitling ocean,2675.8,mid-range
breitling push,5079.75,luxury
vostok diver,278.2,budget
skantic timemeaster,349.0,budget
oris diver,1697.2,mid-range
frigate,,unknown
davosa ternos,998.6,budget
schumacher,11056.0,luxury
timemachinest,,unknown
zeitwinkel,8829.0,luxury
zelos great,633.5,budget
seiko ajhh,8300.2,luxury
rolex scratch,10136.2,luxury
master anchor,2395.0,mid-range
rolex prince,13208.8,luxury
blancpain villeret,6318.2,luxury
watchwinder,8013.5,luxury
breitling 2004,2231.4,mid-range
ball starlight,3015.0,luxury
craftsman,1554.6,mid-range
bercona,,unknown
oris altimeter,2888.2,mid-range
corum gold,14217.8,luxury
lion,8972.6,luxury
piaget polo,28202.8,luxury
luxury,5418.4,luxury
ch wolf,1867.2,mid-range
citizen ca0650,308.2,budget
breitling,4494.4,luxury
tactico,2158.0,mid-range
u boat,1966.8,mid-range
seiko day,202.4,budget
waiting,13928.5,luxury
lancia,910.5,budget
jorg schauer,3495.67,luxury
longines ultra,2048.8,mid-range
bernhard h,815.0,budget
dural,,unknown
to beat,2300.2,mid-range
rolex blank,34538.4,luxury
act,563.6,budget
gant,165.25,budget
korloff,2787.0,mid-range
lorenz chrono,707.8,budget
clockers,,unknown
english,47135.0,luxury
hanhart sirius,1800.0,mid-range
omega cal,6548.2,luxury
oris,954.4,budget
you,9383.8,luxury
gold arrow,8667.0,luxury
oris mans,1736.8,mid-range
blu,27778.4,luxury
prospex sla033,4626.6,luxury
christian dior,1842.6,mid-range
glashutte glashutte,10711.4,luxury
eviana,5248.0,luxury
russian,185.4,budget
rado ceramica,1401.0,mid-range
sjoo sandstrom,3352.5,luxury
avira chronometre,,unknown
longines gold,3450.4,luxury
ingersoll grafton,219.2,budget
north eagles,4240.2,luxury
meistersinger pangaea,2372.6,mid-range
elhero,,unknown
fortis,1212.6,mid-range
rios1931,,unknown
longines master,2755.0,mid-range
regent stainless,174.0,budget
liv,1894.6,mid-range
rheinmeister,,unknown
corum lady,7407.4,luxury
lusina,658.5,budget
vdb,2118.6,mid-range
raymond weil,512.6,budget
swiss co,1404.2,mid-range
longines 7035,688.0,budget
panerai editions,19178.8,luxury
zenith primero,7679.2,luxury
royale 1770,53464.0,luxury
mido all,1055.0,mid-range
shinola birdy,628.5,budget
ph dubois,4082.0,luxury
citizen auto,311.6,budget
crazy,7302.0,luxury
r x,3293.4,luxury
sevenfriday q,900.8,budget
breitling j,1156.0,mid-range
zenith zenith,8506.8,luxury
cartier leather,6161.6,luxury
trussardi,746.2,budget
out order,385.4,budget
bovet,183578.8,luxury
mido great,706.5,budget
bertolucci,3750.6,luxury
fpjourne centigraphe,211188.0,luxury
seiko rarity,791.2,budget
chopard white,18603.0,luxury
allied forces,,unknown
titan,167093.2,luxury
masters time,48797.4,luxury
gaga milan,855.0,budget
sinn 756,2546.4,mid-range
rolex your,17306.33,luxury
cyrus,36724.2,luxury
straight,44819.0,luxury
gub glashutte,668.6,budget
tag heuer,1019.6,mid-range
uts,4712.67,luxury
heuer carrera,5059.6,luxury
omega trilogy,10787.8,luxury
porsche chrono,1666.0,mid-range
hautlence,44066.8,luxury
rolex 228238,58462.8,luxury
leuba,849.4,budget
hamilton jazzmaster,512.4,budget
armand schwob,1408.4,mid-range
tissot ladies,713.6,budget
ovaras,,unknown
strapholic,,unknown
rolex 2009,17288.2,luxury
bulgari sport,1603.6,mid-range
civitas,342.67,budget
omega skywalker,5044.4,luxury
casio uomo,223.2,budget
seiko 2,456.4,budget
joop,384.0,budget
longines amiral,2318.0,mid-range
schwarz etienne,7613.6,luxury
enicar waterproof,882.2,budget
wyler,24063.8,luxury
citizen jp2000,358.2,budget
momentum,284.33,budget
0173376524143 0781801p,,unknown
wenger men,267.0,budget
seiko ssb321p1,150.0,budget
meyers,1620.4,mid-range
oris pointer,1229.0,mid-range
kasper manual,273.0,budget
oris 01,1280.4,mid-range
jacques costaud,1072.4,mid-range
th piccard,7793.6,luxury
omega deployment,5557.75,luxury
careny,,unknown
pocket from,2242.2,mid-range
blancpain alligator,33279.4,luxury
suisse javil,3032.0,luxury
about author,3069.0,luxury
seiko wristwatch,584.4,budget
chronoswiss kairos,4608.4,luxury
brm brm,4990.6,luxury
winder,7814.2,luxury
boxy,7806.0,luxury
seiko sbdc097,850.0,budget
casio g,563.0,budget
brand,6769.8,luxury
cartier santos,6358.8,luxury
hublot chrono,11889.6,luxury
panerai 2015,4063.4,luxury
breitling exospace,6072.2,luxury
world cedric,10442.6,luxury
breitlingt,5759.67,luxury
zenith chrono,6972.4,luxury
oris box,1205.8,mid-range
way,5447.4,luxury
lw,37633.0,luxury
oris artix,1085.0,mid-range
smiths,739.6,budget
anonimo nautilo,2570.4,mid-range
breitling stahl,4818.0,luxury
nomos men,2266.8,mid-range
sea gull,1231.2,mid-range
mortima,244.0,budget
citizen bm8540,245.0,budget
garmin marq,1581.6,mid-range
record dirty,1729.0,mid-range
mill glashutte,1751.6,mid-range
aristo,2087.0,mid-range
de momi,9902.4,luxury
kerbedanz,,unknown
hamilton poor,728.0,budget
taber tabbah,,unknown
zenith range,6065.2,luxury
sicura breitling,366.6,budget
diadora,,unknown
long,2318.0,mid-range
open,131128.4,luxury
montine,141.5,budget
ingersoll in1715rbk,254.2,budget
bwf beijing,535.0,budget
orient sporty,229.4,budget
sinn 556,1217.0,mid-range
bulgari lvcea,6989.2,luxury
omega geneva,1141.0,mid-range
thermidor,218.0,budget
slava,236.2,budget
burberry women,365.0,budget
longines 130,4213.2,luxury
mafran,,unknown
wempe glassworks,1330.2,mid-range
spinnaker bradner,506.8,budget
36mm,12478.8,luxury
leather strap,3217.6,luxury
omega herrenuhr,2146.0,mid-range
autodromo montre,845.6,budget
tudor new,7464.6,luxury
breguet marine,14999.6,luxury
meistersinger nr,1664.0,mid-range
seiko sarb017,1035.2,mid-range
omega 16mm,1375.6,mid-range
eric,1190.4,mid-range
vertex,1655.4,mid-range
stunning gold,3996.8,luxury
zenith first,10626.6,luxury
ostara,332.5,budget
albert duval,34303.0,luxury
strap cowhide,5410.0,luxury
dpw by,665.0,budget
christiaan vd,24628.8,luxury
bwc,975.8,budget
we 903,2167.4,mid-range
rolex 16234,6135.8,luxury
kander,,unknown
amsley,,unknown
sevenfriday,1055.4,mid-range
rotary,485.6,budget
anonymous,1422.8,mid-range
nivada grenchen,1592.0,mid-range
hello,2363.6,mid-range
swatch mirror,433.8,budget
edizon,,unknown
non branded,20620.8,luxury
fiyta,958.5,budget
ebel le,1885.0,mid-range
relojes just,6271.6,luxury
daniel wellington,108.2,budget
junghans junghans,608.2,budget
bentley,5456.6,luxury
junghans bogner,1344.0,mid-range
casio edifice,336.2,budget
mondia ladies,347.4,budget
theorein,3497.2,luxury
rare,7593.6,luxury
fairchild semiconductor,,unknown
longines post,1691.0,mid-range
paco rabanne,198.75,budget
oceanx sharkmaster,832.0,budget
hublot folding,9465.4,luxury
mido ocean,2492.8,mid-range
fludo,1808.0,mid-range
paul ditisheim,6301.2,luxury
arsa auguste,572.2,budget
graham chronofighter,4990.4,luxury
ingersoll in1310sl,254.2,budget
breitling black,4003.6,luxury
omega seamster,3601.0,luxury
sygma,,unknown
glycine combat,493.2,budget
levian,2400.0,mid-range
breitling 44,4267.2,luxury
omega omega,9943.6,luxury
radar,3319.4,luxury
stowa flywatch,875.4,budget
lead,11723.4,luxury
rolex air,4040.6,luxury
relojes tw,18571.6,luxury
heuer chronosplit,2191.75,mid-range
anker 100,219.2,budget
audemars piguet,38431.6,luxury
daniel,113926.2,luxury
bulgari carbon,2254.2,mid-range
rolex 4135,4944.0,luxury
glashutte panomaticdate,12065.8,luxury
bnib,124766.8,luxury
mido multifort,1042.4,mid-range
emile chouriet,1812.2,mid-range
orient analog,902.2,budget
magrette,621.6,budget
concord,2365.6,mid-range
uhtra,,unknown
omega apollo,18477.4,luxury
breitling grand,2624.0,mid-range
strap direct,10491.33,luxury
oris aquis,1254.8,mid-range
jeanrichard new,6469.5,luxury
orfina,5632.8,luxury
citizen asia,508.6,budget
see 356,2259.0,mid-range
zenith stratos,5009.6,luxury
nitella,793.75,budget
rolex travelpouch,21573.2,luxury
omega dynamik,9420.2,luxury
casio gmwb5000tb,2435.0,mid-range
longines 8226,4390.5,luxury
bwc swiss,548.2,budget
br,20720.6,luxury
breitling aviator,5481.2,luxury
mido accessories,912.4,budget
kismet,,unknown
breitling chrono,6785.2,luxury
seiko snkm37k1,791.2,budget
sector,258.6,budget
limes,,unknown
longitude,1896.0,mid-range
hermes foble,1331.0,mid-range
aquadive rotary,1271.0,mid-range
condor,8148.5,luxury
blancpain stainless,15420.0,luxury
stauer 1860,192.6,budget
omega 20micron,783.33,budget
ocean,34955.8,luxury
rolex oysterquarz,12985.25,luxury
chopard la,7892.6,luxury
edox x,1683.67,mid-range
tiffany co,1506.0,mid-range
bella,747.2,budget
cartier calibre,4772.2,luxury
montblanc 102337,5279.6,luxury
you can,1235.0,mid-range
chris benz,1134.4,mid-range
omega 1000,2206.6,mid-range
pulsar ph8229x1,240.8,budget
rolex end,22737.4,luxury
rolex pointer,17673.2,luxury
oris james,1499.0,mid-range
tudor fastrider,3186.0,luxury
maurice lacroix,1018.8,mid-range
rolex pumpkin,15799.8,luxury
value x,6106.0,luxury
luminox tough,622.8,budget
fortis pilot,1621.4,mid-range
safety,1111.6,mid-range
rolex circa,4212.6,luxury
d1 milan,978.8,budget
q q,8540.2,luxury
vacheron constantin,36472.8,luxury
breitling leather,5392.6,luxury
charles frodsham,9081.6,luxury
omega specialties,10988.2,luxury
casio oceanus,505.6,budget
zenith rainbow,7647.8,luxury
others,10482.0,luxury
hamilton flintridge,1519.4,mid-range
ebel ladies,2509.6,mid-range
cler,3255.4,luxury
zenith autosport,1026.6,mid-range
seiko sarb033,765.2,budget
ulysse nardin,20406.0,luxury
festina full,229.4,budget
rolex anchor,19055.4,luxury
precimax,500.2,budget
tissot couturier,385.8,budget
salvatore ferragamo,2220.4,mid-range
huguenin freres,344.0,budget
zodiac,888.2,budget
ck calvin,133.0,budget
breitling navitimer,6622.6,luxury
davosa diving,1249.0,mid-range
omega aqua,3030.4,luxury
glashutte senator,7446.4,luxury
seiko new,1373.8,mid-range
ebel wave,1411.8,mid-range
fussy,,unknown
rolex leather,19158.4,luxury
junghans,837.2,budget
tissot 1853,295.2,budget
rolex tt,10174.0,luxury
flying,426462.0,luxury
omega 30t2,7063.6,luxury
graham silverstone,3343.4,luxury
kardex,659.0,budget
designhutte,,unknown
eternal eternal,32234.6,luxury
tissot 22,350.2,budget
cartier le,5382.6,luxury
rocket,988.6,budget
breitling callistino,2680.8,mid-range
seiko srpc44,472.0,budget
orient soma,214.8,budget
westclox,735.8,budget
hamilton ventura,661.4,budget
iwc pocketwatch,5277.2,luxury
fortis aviator,3064.8,luxury
omega by,2763.4,mid-range
rolex 116622,13896.8,luxury
bulova 12ecacd,490.6,budget
merrily,,unknown
montblanc,1858.8,mid-range
waters opening,3968.8,luxury
walle,4426.8,luxury
rolex 114270,6422.4,luxury
clebar,3143.2,luxury
technos wwii,537.4,budget
spinnaker spence,520.0,budget
courtesy,,unknown
iwc iw377709,4894.2,luxury
first,49228.0,luxury
caravelle,496.0,budget
sinn with,2128.8,mid-range
paul buhre,1020.8,mid-range
auer,,unknown
lucerne,2291.0,mid-range
hamilton htc,1382.6,mid-range
cube,2144.8,mid-range
autodromo prototipo,841.0,budget
lemania,3338.6,luxury
regent,637.2,budget
rolexdatejust,17204.4,luxury
unbranded swiss,18993.67,luxury
omega men,2843.4,mid-range
gruen gruen,1005.2,mid-range
edox skydiver,910.0,budget
invicta pro,77.6,budget
balance wave,644641.6,luxury
scuderia ferrari,5342.4,luxury
jupiter,1032.6,mid-range
bulova royal,2447.8,mid-range
breitling strap,3411.4,luxury
furla,953.0,budget
zrc grands,4311.6,luxury
rolex 2006,16245.0,luxury
gruen,1005.2,mid-range
sagara,630.0,budget
hyt,106273.4,luxury
seiko other,200.0,budget
missed,,unknown
iwc mint,8554.2,luxury
ecw,1026.2,mid-range
michel jordi,1994.8,mid-range
rolex wooden,26231.67,luxury
we 104,2167.4,mid-range
relojes seiko,,unknown
muse swiss,560.4,budget
sharks darris,5695.0,luxury
don t,322473.0,luxury
tusal,1603.2,mid-range
charmex,1405.0,mid-range
tudor sport,2884.2,mid-range
maserati maserati,273.4,budget
trend,376.0,budget
auricoste,2600.6,mid-range
stauffer,9477.0,luxury
tradema,,unknown
iwc internation,2381.8,mid-range
golana,843.2,budget
universal geneve,5404.8,luxury
omega xl,2093.6,mid-range
churchill landing,2488.0,mid-range
ressence,27917.0,luxury
sparta,816.67,budget
tudor 79220r,2622.6,mid-range
rolex fantastic,19454.75,luxury
th picard,2186.5,mid-range
fvm,,unknown
louis,67314.0,luxury
spinnaker dumas,362.6,budget
saytoko grand,,unknown
carrera y,10390.8,luxury
ctscuderia,,unknown
casio protrek,454.6,budget
anchor,1598.8,mid-range
zenith af,2061.6,mid-range
rolex style,18276.2,luxury
seiko spb109j1,1975.6,mid-range
bulova trident,490.6,budget
heuer flyback,4451.4,luxury
julius assmann,38617.2,luxury
sinn pilot,2952.4,mid-range
verdal hand,853.5,budget
range,5886.8,luxury
rolex stickered,31798.4,luxury
zenith pocket,1206.8,mid-range
guy ellia,22477.2,luxury
cvstos medium,9862.8,luxury
leather bracelet,661.8,budget
sarcar,7618.0,luxury
valjoux military,4607.6,luxury
anonimo tp52,4518.5,luxury
locman montecristo,733.4,budget
omega 38mm,3926.0,luxury
iwc portofino,4601.0,luxury
diesel dz4360,120.6,budget
ultimor,,unknown
ginsbo matic,254.0,budget
titoni,1110.4,mid-range
hamilton timeless,1235.8,mid-range
vanroy,1071.0,mid-range
marea marea,,unknown
fossil,70.6,budget
blancpain,8801.8,luxury
nomos ladies,1733.2,mid-range
seiko black,748.0,budget
ecole,34749.0,luxury
maurice arnie,1018.8,mid-range
nubeo,881.6,budget
bobroff bf0011,,unknown
wolf designs,1534.6,mid-range
phigied,894.6,budget
seiko perpetual,364.2,budget
extremely,1536334.0,luxury
nimer,1889.0,mid-range
thommen review,983.8,budget
pirelli,473.0,budget
iwc 18x15mm,16325.0,luxury
seiko gold,471.8,budget
citizen uomo,317.2,budget
omega silver,9028.6,luxury
panerai,5947.0,luxury
unknown,1121.2,mid-range
cartier ronde,2499.6,mid-range
brunela,,unknown
titus,3077.4,luxury
longines hydroconquest,1273.2,mid-range
seiko premier,594.6,budget
seiko skx009j,397.4,budget
vulcain cricket,1609.6,mid-range
corum admiral,5205.8,luxury
montblanc black,2033.8,mid-range
relojes swatch,,unknown
cartier ladies,5152.6,luxury
guater pierre,,unknown
primacy,2786.0,mid-range
hublot jumbo,9465.4,luxury
breitling old,4140.6,luxury
piaget,28442.8,luxury
chase durer,6413.0,luxury
ebel beluga,2064.0,mid-range
yema superman,817.0,budget
tudor glamour,2000.0,mid-range
porsche chronotimer,2230.2,mid-range
juvenia,2359.0,mid-range
nomos metro,2322.4,mid-range
bulgarians,8472.0,luxury
storm,50315.2,luxury
vincent calabrese,4418.6,luxury
chanel,6097.6,luxury
tissot men,753.2,budget
orient defender,290.75,budget
robert roskell,5537.0,luxury
omega 210,7279.0,luxury
breitling chronomat,6218.8,luxury
ebel shark,1621.0,mid-range
fortis cosmonaut,2405.4,mid-range
newmark,,unknown
hublot super,18183.8,luxury
heuer jacky,1187.8,mid-range
lepine remontoir,1411.0,mid-range
nomos display,1397.0,mid-range
day,36566.8,luxury
omega 3510,2585.0,mid-range
sea god,2560.0,mid-range
iwc 5002,8740.8,luxury
piaget box,30628.6,luxury
iwc da,3520.0,luxury
eulit,,unknown
ranox,1060.2,mid-range
tudor pelagos,4087.6,luxury
iwc fliegerchono,6701.2,luxury
ingersoll,219.2,budget
lum tec,4572.8,luxury
rental tangomat,,unknown
seiko lord,386.8,budget
achs 1,399.33,budget
traser h3,485.0,budget
charriol,569.8,budget
meccaniche veneziane,472.2,budget
gold with,16344.2,luxury
sinn st,2203.2,mid-range
rolex,20626.4,luxury
orient star,516.2,budget
rolex unworn,35461.4,luxury
parmigiani fleurier,10765.2,luxury
jean mairet,4994.0,luxury
yema mario,4001.75,luxury
rolex 17013,6549.4,luxury
gamma group,956.6,budget
military with,6446.2,luxury
roger dubuis,15082.6,luxury
we 857,2167.4,mid-range
rolex 69173,5318.6,luxury
present,2799.0,mid-range
rolex 40mm,27155.4,luxury
solar,2086.4,mid-range
rene marchal,1088.6,mid-range
tudor oysterdate,1962.8,mid-range
buren,381.4,budget
ticino chinese,201.5,budget
relojes ice,57452.4,luxury
niessing,2209.25,mid-range
demurger,,unknown
breitling colt,1435.0,mid-range
laco models,425.0,budget
gub glassworks,106550.0,luxury
rolex 78350,5032.0,luxury
kim,5725.8,luxury
carrera,2164.0,mid-range
chopard pink,12607.8,luxury
arbu,291.6,budget
william tarleton,1967.6,mid-range
rolex red,18883.2,luxury
vagenari,,unknown
sinn u1,1980.4,mid-range
tissot v8,350.8,budget
iwc,6701.2,luxury
certina aqua,822.2,budget
nivrel deep,805.0,budget
lets,14800.0,luxury
lotus,348165.6,luxury
tudor submariner,10134.8,luxury
rado captain,1952.4,mid-range
longines high,872.2,budget
rolex 2004,10055.6,luxury
rolex 1680,9810.8,luxury
tissot quickster,346.4,budget
winder b,12718.0,luxury
box,17530.8,luxury
rectangular wonderwatch,1362.2,mid-range
ceh,6880.0,luxury
rolex sky,49944.4,luxury
rolex stainless,13946.2,luxury
montblanc meisterstuck,1221.0,mid-range
nethuns aqua300,510.0,budget
tudor archeo,1663.0,mid-range
seiko spring,3436.8,luxury
casio men,414.0,budget
cortebert,3097.8,luxury
tudor style,1314.6,mid-range
omega 2639,1210.0,mid-range
enicar box,2456.2,mid-range
catalog schick,309289.2,luxury
montblanc summit,535.8,budget
breitling display,6743.0,luxury
muehle glashuette,1956.6,mid-range
valjoux,1921.4,mid-range
amida,3384.75,luxury
nomos tetra,1724.0,mid-range
iwc novecento,11693.6,luxury
poiray,1619.2,mid-range
geneve,661.2,budget
just cavalli,99.0,budget
junghans men,860.0,budget
dreffa,1129.2,mid-range
breitling avenger,4093.8,luxury
hoga,442.0,budget
thermidor burgundy,218.0,budget
gorgerat rare,4135.0,luxury
pequignet,2210.2,mid-range
rado diastar,632.0,budget
ingersoll in2819ch,254.2,budget
ralf tech,1742.6,mid-range
zenith excelsior,3904.8,luxury
davidoff,779.4,budget
rolex steel,17668.8,luxury
dpw diavoli,2097.8,mid-range
versace verc002,548.8,budget
l kendall,2955.0,mid-range
hartig,281.0,budget
delaneau,15620.2,luxury
president de,4026.8,luxury
gucci bamboo,657.75,budget
rolex anni,12879.2,luxury
breitling lunette,4608.6,luxury
garmin,1110.0,mid-range
tissot rare,469.4,budget
rolex tritium,15149.6,luxury
citizen men,566.8,budget
zenith surf,486.6,budget
heuer triple,7201.6,luxury
that s,93877.0,luxury
cartier caliber,13785.0,luxury
pulsar,240.8,budget
black out,4716.6,luxury
bremont supermarine,2812.4,mid-range
seiko men,494.8,budget
seiko 1971,1763.6,mid-range
omega military,31765.4,luxury
konstantin chaykin,57729.2,luxury
rolex dealer,13200.4,luxury
gala,13536.4,luxury
diesel diesel,120.6,budget
rolex men,12302.6,luxury
durrstein,2945.8,mid-range
ressence 1,18282.2,luxury
louis chevrolet,548.0,budget
savoy,1124.4,mid-range
anonymous military,575.2,budget
breil,418.0,budget
thomas sabo,682.6,budget
bulova herrenuhr,421.2,budget
glycine incursore,554.2,budget
rolex 16203,8700.6,luxury
rolex hulk,22867.4,luxury
martin braun,44481.8,luxury
faucet,,unknown
breitling bakelite,3500.0,luxury
we fliegeruhr,1586.6,mid-range
omega anitque,9420.2,luxury
supposed,,unknown
seiko spb083,1133.4,mid-range
gruen curvex,1977.8,mid-range
tissot ch,492.8,budget
wind up,8698.4,luxury
corum band,2884.6,mid-range
breguet tourbillon,199619.2,luxury
sharkey diver,,unknown
montrial,,unknown
rolex jubilee,17403.6,luxury
rolex 1972,6208.8,luxury
zinvo,231.33,budget
meistersinger carelia,1400.4,mid-range
longines dolcevita,1249.0,mid-range
cluse,,unknown
zenith chronometer,5081.8,luxury
giroxa,192.5,budget
seiko sapphire,323.4,budget
giorgio fedon,336.0,budget
merkur,1799.4,mid-range
rolex 126234,15076.6,luxury
grovana swiss,660.5,budget
seiko roadmatic,737.0,budget
seiko sbdc069,768.5,budget
jaguar executive,3609.8,luxury
cartier top,6423.2,luxury
jacques monnat,1072.4,mid-range
paul picot,1728.0,mid-range
casio pro,530.2,budget
record www,2137.4,mid-range
victory,1411.8,mid-range
jaeger lecoulture,9599.0,luxury
impossible to,3479.5,luxury
100,1733.0,mid-range
magellan,2648.2,mid-range
junghans meister,1726.8,mid-range
montblanc timewalker,1950.4,mid-range
burberry,261.2,budget
omega constellation,1478.8,mid-range
zenith 50th,7600.8,luxury
leonidas 1950s,1873.5,mid-range
bergeon screwdriver,34.0,budget
smersh,,unknown
charles voisin,2382.4,mid-range
tissot,615.0,budget
hamilton stainless,848.2,budget
seiko sbep003,791.2,budget
perigues,,unknown
catalog exclusive,48498.0,luxury
u s,53590.8,luxury
cti,718.67,budget
rainer brand,2499.8,mid-range
minerva,6894.4,luxury
van der,8893.4,luxury
buben zorweg,13097.33,luxury
nautica,103.8,budget
philip stein,478.2,budget
rolex 116610,19382.8,luxury
seiko 200m,1202.2,mid-range
vadur,244.0,budget
iwc portoghese,5836.6,luxury
seiko hi,2015.2,mid-range
elliot,588.4,budget
baume mercier,1206.0,mid-range
yonger bresson,437.4,budget
squale atmos,1845.2,mid-range
robert favre,1067.4,mid-range
wyler vetta,5907.0,luxury
citizen solar,1030.0,mid-range
orient 2nd,198.0,budget
zenith oversized,973.0,budget
gems,138640.0,luxury
heuer panda,10476.2,luxury
longines dolce,1249.0,mid-range
breitling premier,7131.6,luxury
longines antique,2889.4,mid-range
bell ross,3357.8,luxury
dubois et,2289.8,mid-range
harwood,1560.2,mid-range
dauriel,,unknown
moeris ww2,1081.2,mid-range
lamberti double,519.0,budget
rolex 16014,5477.2,luxury
pocket chain,57181.4,luxury
zeppelin 8674,557.4,budget
breitling utc,7494.8,luxury
longines la,965.2,budget
meistersinger monograph,1982.5,mid-range
ball engineer,1897.8,mid-range
haurex full,215.5,budget
perseo ultra,513.0,budget
bremont solo,2505.6,mid-range
longines,2318.0,mid-range
glashutte panoreserve,11029.8,luxury
paros,,unknown
aydil,2158.2,mid-range
real crocodile,204952.8,luxury
nai28500g boating,,unknown
rolex yachtmaster,20313.2,luxury
cartier band,8686.8,luxury
sinn diving,2503.6,mid-range
lip marinier,648.25,budget
staudt,3182.33,luxury
balticus black,1421.5,mid-range
breitling rouleaux,2782.2,mid-range
me,6960.4,luxury
straton co,301.5,budget
citizen cosmotron,365.4,budget
dufa,472.8,budget
zolus,591.4,budget
jaeger lecoultre,8540.2,luxury
breitling folding,7538.4,luxury
agon,4347.2,luxury
swatch scuba,510.6,budget
20 mm,2608.0,mid-range
aristo fliegeruhr,2087.0,mid-range
citizen bm7459,308.2,budget
lip uhrenbox,356.0,budget
novy pocket,1318.0,mid-range
iwc serviced,5178.6,luxury
longines ladies,875.6,budget
creation,11459.4,luxury
seiko bisiness,791.2,budget
iwc big,26314.0,luxury
cauny prima,374.4,budget
bertha,234.0,budget
election triple,711.4,budget
citizen,308.2,budget
strapholic 28mm,,unknown
kenneth cole,121.2,budget
sylvana,,unknown
hanowa,478.2,budget
rolex daytona,133285.6,luxury
chopard gstaad,6192.2,luxury
citizen cc3004,308.2,budget
bering herrenuhr,150.6,budget
tudor deployant,4310.5,luxury
coultre,4898.6,luxury
boucheron epure,2163.0,mid-range
piaget men,13225.6,luxury
dietrich,808.8,budget
la rochelle,23732.4,luxury
breitling 1939,9213.0,luxury
angelus,8975.6,luxury
gerald genta,5318.2,luxury
luminox sentry,622.8,budget
rado sintra,795.2,budget
blackout,1494.0,mid-range
gaga milano,862.0,budget
mirvaine,,unknown
omega bumper,1040.6,mid-range
rothenschild,17.0,budget
iwc british,6699.33,luxury
nomos zurich,5090.6,luxury
seiko sndc31,292.0,budget
orient,214.8,budget
blancpain 18,11545.6,luxury
langendorf,770.4,budget
eichmuller,,unknown
dugena 4460835,599.6,budget
dornbluth son,7994.0,luxury
willians,,unknown
chopard imperiale,10284.0,luxury
clock,1403409.2,luxury
anonimo military,3445.33,luxury
longines new,1843.8,mid-range
glashutte seaq,10563.6,luxury
rubber textured,257.0,budget
union glass,4959.4,luxury
hand made,571.6,budget
rolex 126600,15379.2,luxury
wind,13365.2,luxury
chronometre swisse,13911.0,luxury
davosa accessories,692.8,budget
omega strap,3379.6,luxury
gow officer,314.0,budget
avi 8,5601.2,luxury
seamaster,4271.0,luxury
wenger 01,278.4,budget
mauron musy,19723.4,luxury
eterna super,2786.4,mid-range
epos oeuvre,2058.6,mid-range
bielco,,unknown
ike,3308.0,luxury
turler jaeger,4541.0,luxury
iwc mark,5280.4,luxury
seiko srpc19k1,791.2,budget
breitling brown,6108.6,luxury
iwc ingenieur,9513.0,luxury
seiko divers,314.4,budget
hugo boss,217.6,budget
l leroy,42215.6,luxury
hanhart primus,2882.6,mid-range
longines www,4815.0,luxury
tudor mint,3676.2,luxury
navygraf heritage,746.0,budget
oris diving,1418.0,mid-range
omega 14k,2672.4,mid-range
omega 14735,9420.2,luxury
rolex 6494,3048.8,luxury
tudor anker,5480.4,luxury
hoffman,983.4,budget
breitling diver,3858.8,luxury
consul,1400.0,mid-range
sweet,15824.6,luxury
tutima aviator,10844.0,luxury
rolex 7836,13694.4,luxury
american waltham,775.4,budget
eternal,32234.6,luxury
young beverly,2981.4,mid-range
seiko japan,336.0,budget
tissot heritage,534.0,budget
dial,15452.2,luxury
iwc top,6566.4,luxury
g shock,601.2,budget
ben,4489.4,luxury
rolex professionali,15311.4,luxury
bremont,2824.8,mid-range
action,648.0,budget
omega pilot,10327.2,luxury
marc by,8662.2,luxury
cartier drive,6852.0,luxury
chopard mille,4025.4,luxury
timberland,102.2,budget
graf v,28607.2,luxury
meistersinger unomatik,2736.25,mid-range
delma rare,1534.4,mid-range
omega dynamic,1458.4,mid-range
mido,912.4,budget
tissot pr100,232.6,budget
airin,,unknown
breitling sicura,4494.4,luxury
savar new,10029.0,luxury
issey miyake,485.4,budget
zelos abyss,1020.5,mid-range
bulova 14k,1367.2,mid-range
cartier divan,3351.8,luxury
edox chronorally,948.4,budget
enicar,953.2,budget
chopard perforated,11478.6,luxury
nomos ludwig,1063.2,mid-range
vaucher freres,9952.0,luxury
junghans form,706.2,budget
iwc 1943,4997.0,luxury
swiss manufacturer,232.0,budget
citizen 東北鉄,308.2,budget
eaton,5777.4,luxury
rado diamaster,1129.4,mid-range
hamilton khaky,1159.0,mid-range
traser,473.2,budget
nauticfish,1445.4,mid-range
zenith heritage,6041.2,luxury
matwatches,1828.6,mid-range
key west,918.4,budget
sturmanskie 2426,381.8,budget
fortis bump,1212.6,mid-range
iwc pocket,3949.2,luxury
iwc international,2381.8,mid-range
elific,,unknown
his,77495.0,luxury
waltham blancpain,4859.0,luxury
jean marcel,2465.2,mid-range
ebel impressive,1651.8,mid-range
rolex 16610lv,14097.6,luxury
longines box,2343.8,mid-range
cmi,9108.75,luxury
buran mig,1037.6,mid-range
breguet white,20268.6,luxury
waldan international,3255.5,luxury
crysrey,,unknown
zenith half,594.0,budget
davosa,918.8,budget
iwc textile,8939.8,luxury
omega 198,2235.4,mid-range
ad chronographs,8771.4,luxury
poljot globetrotter,625.0,budget
praetorian,,unknown
henry london,354.6,budget
police,255.4,budget
elix,1139.6,mid-range
allows,,unknown
citizen fe1081,144.4,budget
orator,1515.2,mid-range
pwc,621.6,budget
breitling a37340,3757.0,luxury
future funk,1100.2,mid-range
oris chronoris,1240.8,mid-range
paris,85955.2,luxury
omega 1958s,1874.8,mid-range
workshop time,1765290.0,luxury
mistral,1290.2,mid-range
sturmanskie,381.8,budget
philip jenny,1469998.2,luxury
breguet,11039.8,luxury
gucci g,854.4,budget
christian claude,4811.2,luxury
casio international,285.4,budget
bulova mans,938.5,budget
bulgari quadrato,1448.4,mid-range
rolex 1603,3873.2,luxury
hamilton pan,819.0,budget
one binary,17509.0,luxury
invicta,270.2,budget
scuderia,524.6,budget
bumps,,unknown
mido 917,912.4,budget
marvin,700.2,budget
longines avigation,2959.4,mid-range
nivrel,5682.8,luxury
time,16342.6,luxury
lamborghini,973.8,budget
zeppelin,557.4,budget
mih ludwig,7543.5,luxury
perrelet rectangle,4896.4,luxury
he had,1967.8,mid-range
vostok komandirskie,112.8,budget
tresa,,unknown
orange rubber,27502.0,luxury
gama mans,1533.0,mid-range
yema skin,1687.0,mid-range
sector r2653700015,258.6,budget
breitling jupiter,1615.2,mid-range
fortuna,179.0,budget
cartier ballon,7113.4,luxury
potens de,1062.0,mid-range
judge,982.5,budget
seiko 61grand,4726.6,luxury
longines l4,2232.6,mid-range
romain vollet,353965.4,luxury
rolex mercedes,39861.4,luxury
philip cronograph,1469998.2,luxury
oneof,17778.6,luxury
ventura v,2504.0,mid-range
oris f1,1270.0,mid-range
voutilainen,,unknown
bulova archive,674.4,budget
villemont,26061.6,luxury
jeweler roller,20650.6,luxury
seiko marine,3116.4,luxury
bulova super,1126.2,mid-range
telescopic loupe,,unknown
seiko sarx071,846.0,budget
pierce,680.6,budget
fortis pin,1212.6,mid-range
from grisogono,6706.6,luxury
rolex small,3895.2,luxury
carlo ferrara,7514.8,luxury
tudor price,3360.2,luxury
citizen ny0040,241.6,budget
reveu thommen,880.8,budget
crusader,558.0,budget
squale 500mt,866.8,budget
speake marin,12394.0,luxury
prospex spb089,1799.5,mid-range
rebellion twenty,3957.4,luxury
st dupont,1136.4,mid-range
schaumburg,1759.0,mid-range
iwc engine,14724.4,luxury
land,2220.6,mid-range
continental,342.2,budget
union glashutte,5284.6,luxury
swiss lemania,2378.0,mid-range
zenith captain,3840.8,luxury
superdry,88.0,budget
omega watchstrap,9420.2,luxury
hamilton 669,728.0,budget
bulova 1971,515.0,budget
tell,24462.0,luxury
lambretta,97.5,budget
sugess moonphase,269.0,budget
panerai radiomir,7869.4,luxury
iwc fliegerchronograph,3399.0,luxury
lemania swiss,2378.0,mid-range
omex 36,,unknown
hentschel hamburg,7580.0,luxury
breitling sahara,4986.0,luxury
jivana,1205.2,mid-range
chronoswiss chronoswiss,6707.8,luxury
merkur pilot,1799.4,mid-range
rado golden,1159.2,mid-range
seiko sports,316.4,budget
perrelet turbine,3746.6,luxury
stowa pilot,10241.0,luxury
moscow,383.8,budget
timex,112.2,budget
edward heuer,14448.4,luxury
everest,63727.2,luxury
fendi,758.2,budget
book rolex,12872.4,luxury
savar,10029.0,luxury
nyon,5609.5,luxury
ball inspector,1370.8,mid-range
titan geneva,12594.75,luxury
philipp,1469998.2,luxury
raster spring,2395.0,mid-range
jean paul,1768.0,mid-range
luxor,651.8,budget
look,2219.6,mid-range
tudor,5480.4,luxury
chronometre,14172.6,luxury
hamilton american,489.2,budget
sorna,745.4,budget
tavannes,1612.6,mid-range
reign,455.8,budget
radar new,3319.4,luxury
friend lecoultre,6425.4,luxury
bulova orologio,955.8,budget
vost germany,118.8,budget
red star,360.6,budget
iwc doppelchronograph,8081.0,luxury
tissot powermatic,729.8,budget
montega,4059.8,luxury
alpina,547.8,budget
jaermann stubi,4446.4,luxury
bern,481.6,budget
suisse cie,1451.6,mid-range
luminox f,580.6,budget
wenger,251.0,budget
lagonda,1056.4,mid-range
row,120662.2,luxury
erotic pocket,12019.5,luxury
bugatti,440708.4,luxury
a,32285.6,luxury
sword,6898.8,luxury
sharkmaster 6105,845.0,budget
omega ladies,928.6,budget
earth sky,20838.8,luxury
iwc double,5764.0,luxury
heroic18,,unknown
bulgari octo,10089.4,luxury
doggy,,unknown
omega james,5002.2,luxury
hermes,1331.0,mid-range
as,72639.6,luxury
seiko green,532.2,budget
biegert funk,700.0,budget
heuer live,8196.4,luxury
omega seamaster,4271.0,luxury
azimuth sp,6097.8,luxury
thermidor de,218.0,budget
vostok,118.8,budget
hyphen,15440.0,luxury
citizen promaster,226.6,budget
poljot baikal,1057.0,mid-range
mvmt,705.0,budget
obaku denmark,,unknown
tissot lisboa,2443.0,mid-range
without brand,293.0,budget
galco gallet,1026.0,mid-range
rolex reiseetui,14443.25,luxury
tuw,387.2,budget
spinnaker hull,349.0,budget
jobo,,unknown
mouawad,70468.0,luxury
tara,1956.6,mid-range
breitling crosswind,2781.6,mid-range
rolex 116613ln,14152.8,luxury
havaan tuvali,,unknown
caswatch,419.8,budget
aquadive,1271.0,mid-range
oak oscar,1800.0,mid-range
tenor dorly,709.4,budget
omega link,3068.0,luxury
rolex rolex,17853.2,luxury
seconds,133452.8,luxury
excacta,,unknown
lamberti,519.0,budget
omega geneve,677.4,budget
seiko transocean,3136.67,luxury
wempe,1330.2,mid-range
framont,1131.0,mid-range
vostok autotimac,118.8,budget
franck muller,10539.2,luxury
longines pin,3379.6,luxury
rubber strap,4694.6,luxury
orient xcaa001w,214.8,budget
roamer searock,349.2,budget
breitling chonometre,4494.4,luxury
marcello c,866.4,budget
meistersinger no,1063.8,mid-range
porsche performance,4848.5,luxury
cartier vtg,4818.6,luxury
wheel men,39228.4,luxury
rolex dial,29091.6,luxury
bold,507.8,budget
rolex 116500ln,28897.4,luxury
bomberg,919.4,budget
louis xvi,637.4,budget
tng,1556.6,mid-range
time box,16342.6,luxury
incitus,524.5,budget
rolex milgauss,11833.8,luxury
haemmer,485.5,budget
underwood,,unknown
hublot,9465.4,luxury
montblanc heritage,2440.8,mid-range
gucci gg2570,948.2,budget
bueche girod,5512.6,luxury
european company,1638.6,mid-range
claude bernard,480.8,budget
nethuns aqua,384.5,budget
e c,46910.0,luxury
helson,558.0,budget
citizen eco,335.0,budget
tissot super,467.0,budget
bunz,5500.6,luxury
eterna heritage,1983.2,mid-range
tudor band,6788.8,luxury
davosa argonautic,957.0,budget
candino c4579,448.8,budget
seiko blue,284.4,budget
heuer movement,595.0,budget
radiant,2407.0,mid-range
longines evidence,2318.0,mid-range
timecode,,unknown
mathey tissot,846.0,budget
glycine,524.4,budget
silativ,,unknown
cartier ultra,11881.2,luxury
cartier square,5301.2,luxury
breguet aeronavale,5647.4,luxury
corniche,701.4,budget
it was,4609.33,luxury
swiss converted,24565.0,luxury
wrong ambrosini,157.5,budget
porsche dashboard,1986.2,mid-range
jorg hysek,47455.6,luxury
meistersinger salthora,2059.6,mid-range
rescif,,unknown
80 s,138679.2,luxury
seiko sun067p1,485.0,budget
reuge,10314.4,luxury
delacour,2594.8,mid-range
alexander shorokhoff,2598.8,mid-range
marathon,788.8,budget
lepine paris,1411.0,mid-range
bison,473.25,budget
sinn 356,2080.0,mid-range
chopard 1000,4309.0,luxury
seiko srpd76k1,382.0,budget
muhle glassworks,1751.6,mid-range
english jubilee,47135.0,luxury
frederique constant,1333.6,mid-range
no brand,6573.0,luxury
cat,116207.6,luxury
omega 1972,2770.2,mid-range
rsw,723.0,budget
lausanne,5533.5,luxury
hermes arceau,1967.8,mid-range
varix,,unknown
aqualung divers,4489.67,luxury
rolex 1501,3918.2,luxury
gallet 3,10663.0,luxury
breil manta,409.6,budget
hentschel,7580.0,luxury
rolex hologram,8400.0,luxury
breitling sprint,3118.6,luxury
longines presence,795.0,budget
esprit,82.0,budget
travel case,4233.2,luxury
seiko neo,241.4,budget
panerai 2019,7829.8,luxury
clerc hydroscaph,3088.4,luxury
dawn le,6602.0,luxury
prospex sumo,851.2,budget
jaquet droz,159948.8,luxury
metal ch,757.4,budget
swiss alpine,332.6,budget
seiko by,1418.2,mid-range
cartier repair,8058.6,luxury
citizen a,325.0,budget
radiant blumar,957.6,budget
rolex 116900,8025.0,luxury
rolex 116613lb,15669.6,luxury
iwc gst,3071.2,luxury
seiko marinemaster,3203.6,luxury
bering,144.2,budget
tradition sears,874.0,budget
pequignet royale,3961.4,luxury
john,56653.8,luxury
trim,861.8,budget
breitling breitling,4494.4,luxury
cartier very,41727.0,luxury
nomos orion,1566.6,mid-range
spain,10618.2,luxury
esperanto jubilee,317.0,budget
sonne haori,1142097.4,luxury
ernst benz,4879.8,luxury
union glassworks,3966.6,luxury
initiate,,unknown
vulcain 50,14985.0,luxury
caravelle bulova,657.2,budget
adriatica worldchampion,141.8,budget
seiko brightz,1075.0,mid-range
tudor nato,3480.8,luxury
longines man,720.6,budget
pacardt,4665.0,luxury
spinnaker piccard,609.6,budget
boldr,416.4,budget
chopard happy,4058.6,luxury
citizen ca0710,416.0,budget
ralph lauren,4774.8,luxury
zeppelin montre,526.0,budget
aeoniclock,,unknown
omega planet,4578.6,luxury
citizen satellite,954.6,budget
bruvik,,unknown
nivada,1205.2,mid-range
longines 1938,1803.0,mid-range
solvil ditisheim,2652.0,mid-range
merkur 200m,1799.4,mid-range
ursus buler,,unknown
louis vuitton,4275.6,luxury
longines grande,1402.6,mid-range
leonidas,2184.4,mid-range
iron annie,508.2,budget
2 spring,19154.0,luxury
urban jurgensen,55684.4,luxury
eterna silver,944.8,budget
formex,1923.6,mid-range
needles,8603.4,luxury
sothis,3303.8,luxury
junkers,309.8,budget
rado hyperchrome,1611.2,mid-range
armani ar1979,111.0,budget
omega bracelet,4921.0,luxury
alain silberstein,13331.8,luxury
myr,16837.2,luxury
cartier mint,7993.8,luxury
tudor heritage,2289.4,mid-range
ultra,37000.8,luxury
swatch i,183.0,budget
rolex 126334,17297.0,luxury
vulcain first,6403.67,luxury
howard,9325.0,luxury
joshua sons,339.5,budget
dalia,,unknown
casio analog,232.2,budget
catorex,963.0,budget
beauty,13169.8,luxury
tissot t116,275.2,budget
016,26413.6,luxury
rolex case,9060.2,luxury
see u212,2259.0,mid-range
iwc portugueser,13660.2,luxury
anonimo new,2858.6,mid-range
tudor prince,1932.0,mid-range
omega lady,1777.0,mid-range
glasabheber,,unknown
moeris,1081.2,mid-range
precimax nivada,500.2,budget
depose,704.4,budget
seiko ssb359p1,791.2,budget
radiant faceted,2407.0,mid-range
rodania,4301.6,luxury
harry winston,170598.0,luxury
ladies,5415.4,luxury
ebel new,2411.4,mid-range
deep blue,306.8,budget
breitling vinage,4986.0,luxury
dietrich tc,1412.4,mid-range
lorenz,636.0,budget
platinum,128053.4,luxury
omega new,12657.4,luxury
breitling montbrillant,5439.4,luxury
cornavin,4594.6,luxury
franck dubarry,3465.0,luxury
pro hunter,38546.2,luxury
venlies,,unknown
breitling emergency,8971.2,luxury
zenith elite,5114.2,luxury
longines lady,933.8,budget
geneva record,23736.2,luxury
bulova 96p181,490.6,budget
longines steel,2318.0,mid-range
bulova moonwatch,533.0,budget
leonidas heuer,2192.0,mid-range
citizen ny0076,308.2,budget
tissot visodate,373.0,budget
smith smoorcer,628.2,budget
art deco,1199.8,mid-range
iwc engineer,14724.4,luxury
montblanc gents,1858.8,mid-range
doxa orange,2034.2,mid-range
seiko ssa231k1,233.0,budget
fluco,,unknown
vostok moscow,279.75,budget
seiko snkp27,241.0,budget
land sky,2220.6,mid-range
lemenia,,unknown
rolex 18k,46981.8,luxury
ascot,237.5,budget
spring,6548.8,luxury
longines ww2,1764.8,mid-range
seiko samurai,470.0,budget
astrolux,1627.25,mid-range
chronometer,13843.8,luxury
movado,745.8,budget
jfl diamond,,unknown
devis,,unknown
jenny,2743.6,mid-range
slow,6018.6,luxury
excelsior park,4650.6,luxury
vertex www,1981.67,mid-range
nomos glashutte,1397.0,mid-range
galonne,2207.8,mid-range
panerai 2016,4963.2,luxury
azimuth,3525.8,luxury
piaget altiplano,10990.8,luxury
chopard luc,12143.2,luxury
defakto,968.5,budget
breitling bag,4494.4,luxury
jean perret,508.0,budget
rolex gold,41663.8,luxury
triton,6411.4,luxury
ermano,467.0,budget
halios,1027.2,mid-range
cronoswiss,6707.8,luxury
patent,3172.2,luxury
diesel dz7420,120.6,budget
girard perregaux,12668.4,luxury
menze,,unknown
phenix,660.6,budget
oris big,1055.6,mid-range
iwc electronic,9218.0,luxury
timex m79,327.4,budget
cwc,565.0,budget
anthony,3816.8,luxury
brienza,,unknown
seiko sbdc033,467.6,budget
gucci,560.2,budget
dpw ferrari,2097.8,mid-range
zenith 38mm,4773.8,luxury
hamilton titan,806.8,budget
mondaine,351.6,budget
vacheron const,36472.8,luxury
zenith steel,8616.0,luxury
rado 636,539.0,budget
alpina men,868.0,budget
seiko sarb035,934.8,budget
rolex rare,9751.4,luxury
longines lettering,2318.0,mid-range
electrowa,,unknown
roberge,184446.6,luxury
cartier yellow,11274.0,luxury
roamer,371.2,budget
atomic,577.0,budget
savonette,5751.4,luxury
tissot seastar,425.0,budget
steinhart military,879.6,budget
breitling 3,4690.8,luxury
andre le,643.4,budget
duchy,,unknown
nomos tangente,2040.8,mid-range
swiss military,260.4,budget
morphic,352.67,budget
omega crocodile,3667.2,luxury
ingersoll in1712pi,219.2,budget
halcon,1007.2,mid-range
nethuns lava,479.0,budget
gub,106550.0,luxury
comor,1485.8,mid-range
unicorn a,7947.0,luxury
monvis,729.0,budget
breitling 1962,6149.8,luxury
seiko sbdc077,1118.0,mid-range
oris stainless,2088.8,mid-range
tissot titanium,496.4,budget
1940 radiomir,25917.8,luxury
bulgari genuine,2243.8,mid-range
bulgari 14mm,23206.0,luxury
election,711.4,budget
her,3471.2,luxury
omega factory,4384.8,luxury
celly,3357.8,luxury
longines strap,1723.8,mid-range
memorigin,3225.4,luxury
bobroff bf0010v2pn,,unknown
vostok amphibian,117.8,budget
stanley,267.0,budget
boucheron,8615.4,luxury
mr,4427.4,luxury
cyma,544.8,budget
botta,19913.4,luxury
corum bracelet,12004.8,luxury
crepas,1081.4,mid-range
rolex oyste,19449.6,luxury
contatempo scuderia,,unknown
iwc iwc,6701.2,luxury
chronometron,,unknown
waltham,602.8,budget
maserati r8871612004,321.8,budget
pinion,708.0,budget
titoni cosmo,547.6,budget
casio nos,361.6,budget
timex marlin,1050.2,mid-range
krieger,2346.0,mid-range
swatch originals,161.0,budget
cylinder gusset,1147.8,mid-range
davosa herrenuhr,1471.2,mid-range
fpjourne octa,172364.0,luxury
rolex blue,14815.4,luxury
ennebi,4222.8,luxury
paerma,,unknown
european,2432.2,mid-range
longines legend,2118.2,mid-range
rolex 7,8337.8,luxury
seiko cronos,403.4,budget
pierre,1402426.4,luxury
rolex 2005,11625.4,luxury
master,2395.0,mid-range
seiko sportura,1117.2,mid-range
iwc dress,4056.8,luxury
omega tokyo,7939.6,luxury
luminox x,584.2,budget
vuillemin regnier,216.0,budget
alpina avalanche,889.0,budget
beco watchwinder,139.5,budget
hexa k500,888.0,budget
armin strom,33860.6,luxury
sharkey,,unknown
grimsel,2910.0,mid-range
campagnolo,,unknown
fortis flieger,1517.2,mid-range
u p,171019.8,luxury
rado true,1524.2,mid-range
mwc,304.8,budget
rolex paul,1213288.0,luxury
breitling cockpit,3761.0,luxury
fortis rolf,1212.6,mid-range
esperanto mortima,317.0,budget
pierre balmain,331.2,budget
alpina manual,361.5,budget
arbor,358193.2,luxury
rado integral,979.2,budget
revue thommen,882.4,budget
ecandersson,,unknown
luminox,622.8,budget
seiko 1,654.8,budget
hirsch,168.0,budget
marnaut dark,742.0,budget
t galecki,17128.8,luxury
ingersoll in1320rsl,219.2,budget
sinn 358,3418.2,luxury
a fine,3359.0,luxury
heuer autavia,10835.2,luxury
pontvs,1207.8,mid-range
chanel quilted,8906.0,luxury
iwc buckle,4288.4,luxury
tuw ruhla,384.2,budget
cartier folding,6304.4,luxury
breitling up,6159.6,luxury
zenith wood,2040.5,mid-range
tropic,585205.2,luxury
roamer men,348.8,budget
jeanrichard geneva,2191.6,mid-range
traser p59,312.0,budget
iwc replacement,12245.0,luxury
iwc r847,6701.2,luxury
rubber band,1945.4,mid-range
sea gold,54570.4,luxury
military,6408.8,luxury
titoni switzerland,1110.4,mid-range
iwc calatrava,5374.6,luxury
ct,3945.8,luxury
dior,750.8,budget
breitling skyracer,3543.6,luxury
nomos autobahn,3976.0,luxury
eterna new,2060.2,mid-range
balticus,753.8,budget
heli reymond,817.5,budget
escort,,unknown
hublot fusion,7146.0,luxury
cartier men,6188.2,luxury
slava sale,236.2,budget
eberhard co,989.0,budget
helberg,1914.0,mid-range
zenith oro,1005.0,mid-range
grovana,619.2,budget
rubens,51217.4,luxury
helmut,2059.2,mid-range
de grisogono,5772.8,luxury
longines charleston,2013.8,mid-range
sinn frankfurt,3338.2,luxury
charles nicolet,775.25,budget
is 104,155226.8,luxury
honored saint,,unknown
zenith stellina,764.4,budget
rolex 116610lv,22867.4,luxury
nomos,1426.0,mid-range
francois rotier,2340.2,mid-range
untouched girard,19624.5,luxury
nethun s,510.0,budget
molnija,288.0,budget
omega globemaster,9038.0,luxury
flamor pocket,910.0,budget
hautlence labyrinth,44066.8,luxury
helvetia,1569.2,mid-range
technomarine,839.2,budget
christopher,1134.4,mid-range
duke certina,772.75,budget
tudor tiger,3989.8,luxury
suunto,415.0,budget
zodiac 1970s,1081.0,mid-range
omega oversize,1791.4,mid-range
landeron,1449.4,mid-range
iwc www,6841.0,luxury
rolex manual,4590.8,luxury
modalo,745.8,budget
hamilton hamilton,728.0,budget
ounce,,unknown
m m,16437.2,luxury
rolex calendar,124732.8,luxury
tissot sideral,837.8,budget
prospex,724.8,budget
arsenal,1007.0,mid-range
rolex oysterquartz,7704.8,luxury
breitling superocean,2812.8,mid-range
hid,13338.2,luxury
cartier w20060d6,5102.6,luxury
lancaster,516.6,budget
black etienne,24764.0,luxury
autodromo,845.6,budget
mih,7543.5,luxury
heuer calculator,4975.4,luxury
rolex 2017,17782.2,luxury
candino,448.8,budget
breitling 22mm,6551.6,luxury
royce swiss,1259.0,mid-range
laco aachen,440.4,budget
cartier preowned,10880.8,luxury
walter gropius,568.8,budget
aviator,26152.2,luxury
ebel sportwave,1395.2,mid-range
aries,20820.0,luxury
steinhart nav,1015.8,mid-range
cartier miss,5677.2,luxury
osco,160.4,budget
rado gorner,1060.2,mid-range
concord mariner,3057.0,luxury
montegrappa,2956.25,mid-range
tanis,1276.0,mid-range
omega magic,7194.0,luxury
seiko presage,351.2,budget
hanhart car,3207.25,luxury
glashutte men,24097.4,luxury
breitling gents,4254.0,luxury
isco,525.0,budget
swiss chronographer,15449.8,luxury
cartier panther,3652.6,luxury
bremont zulu,4148.8,luxury
royce,4521.4,luxury
species,,unknown
rolex booklet,15231.8,luxury
benrus,2218.4,mid-range
noa,1120.4,mid-range
japy,232.0,budget
cartier roadster,4233.2,luxury
v8 star,987.2,budget
omega stainless,3859.8,luxury
omega fantastic,3446.2,luxury
tissot ring,615.0,budget
dolphin,1425.4,mid-range
hamilton men,710.0,budget
tudor 79180,7037.6,luxury
heuer black,4873.6,luxury
omega stingray,810.4,budget
tommy hilfiger,137.4,budget
braun,1548.8,mid-range
hamilton alfred,728.0,budget
citizen man,248.6,budget
omega jubile,27637.8,luxury
lejour zrc,1727.4,mid-range
dolce gabbana,274.4,budget
allemano,2612.0,mid-range
tom,1365.2,mid-range
titus geneve,1096.0,mid-range
orient ra,239.8,budget
zenith grande,9946.4,luxury
boxy fancy,7806.0,luxury
oris tonneau,1350.5,mid-range
montblanc master,15625.0,luxury
tissot complication,1324.4,mid-range
almanus,1399.5,mid-range
paul,22785.6,luxury
breitling top,4760.2,luxury
record,1236.0,mid-range
sinn rake,4408.0,luxury
omega railmaster,3285.4,luxury
rolex 1601,5205.8,luxury
levrette paul,798.2,budget
seiko snkd99k1,197.75,budget
glashutte sixties,6575.2,luxury
rec,115867.2,luxury
iwc 2017,9157.0,luxury
porsche p6000,2548.0,mid-range
unknow,1121.2,mid-range
epos sophisticated,1927.0,mid-range
international company,2910.4,mid-range
kaufmann,,unknown
garavelli カ,,unknown
rolex deepsea,21093.6,luxury
beijing factory,7811.5,luxury
oris ruf,2138.25,mid-range
electricianz,227.0,budget
zenith chronomaster,8423.8,luxury
rios,1341.0,mid-range
omega box,10616.0,luxury
a schild,1346.8,mid-range
moritz von,932.0,budget
dugena,599.6,budget
wirmat,935.4,budget
orient contemporary,481.4,budget
tudor black,5954.8,luxury
locman,458.2,budget
enicar day,863.6,budget
armani,151.2,budget
rolex band,16208.8,luxury
artya,12366.8,luxury
festina f16958,1418.6,mid-range
breitling windrider,3311.2,luxury
vip memosail,1122.0,mid-range
helpers,,unknown
alex,116804.4,luxury
thermidor light,218.0,budget
donax,1155.67,mid-range
grand,1400368.8,luxury
bomberg bolt,1197.4,mid-range
dubey schaldenbrand,3561.8,luxury
welder,664.0,budget
omega day,1884.4,mid-range
lars larsen,263.6,budget
spinnaker,682.4,budget
egotrix,,unknown
buren www,381.4,budget
iwc iw371903,4891.8,luxury
hermes ladies,1512.2,mid-range
tissot t120,492.2,budget
rubber b,8833.0,luxury
orient reloj,712.75,budget
hanhart,3807.8,luxury
silver pocket,2054.0,mid-range
breguet equation,149200.4,luxury
raketa multi,249.4,budget
omega end,6090.8,luxury
master time,10744.6,luxury
seiko snj025p1,458.2,budget
banner,451.5,budget
porsche 1919,2077.6,mid-range
louvic,524.0,budget
ollech wajs,2548.4,mid-range
lang heyne,56702.0,luxury
thu monk,5088.2,luxury
dugena val,1958.75,mid-range
omega spedmaster,11700.0,luxury
fred,882.2,budget
fortis aeromaster,1944.6,mid-range
hd3,18995.2,luxury
roskopf,773.6,budget
bulova blu,422.8,budget
merkur pp,1799.4,mid-range
seiko multi,832.2,budget
laurens,152.67,budget
zenith new,11285.6,luxury
poljot 2612,186.0,budget
prospex ocean,562.6,budget
day this,43320.6,luxury
junkers 3,549.8,budget
kronos elegance,645.6,budget
boctok komandirskie,292.6,budget
eterna soleure,1523.8,mid-range
epos artwork,1927.0,mid-range
wagner,1239.0,mid-range
omega scatola,3746.6,luxury
president,25038.8,luxury
fossil ladies,100.0,budget
nord time,5831.0,luxury
ernest borel,867.0,budget
benmore,1166.0,mid-range
breitling starliner,4920.2,luxury
door,6273.4,luxury
seiko seikomatic,577.2,budget
thomas earnshaw,301.8,budget
pocket stopwatch,2488.2,mid-range
pequignet royal,3961.4,luxury
is stsa,155226.8,luxury
ferrari,236271.2,luxury
technos,537.4,budget
is 556,155226.8,luxury
armani ar1982,151.2,budget
world rhythm,5014.8,luxury
kelek,3978.25,luxury
christopher ward,1134.4,mid-range
rolex 2018,13180.4,luxury
jacob co,360156.2,luxury
rolex 36mm,13330.8,luxury
tourist,346.4,budget
movement,10386.4,luxury
orient orient,214.8,budget
blancpain bathyscaphe,13916.8,luxury
certina cocktail,297.4,budget
iwc antique,4062.8,luxury
oris tool,1663.0,mid-range
tudor day,2246.2,mid-range
time engine,2048.8,mid-range
luminox navy,577.8,budget
seiko credor,1296.6,mid-range
orient men,290.2,budget
oris 55th,954.4,budget
butex,2127.0,mid-range
police pl15970jsubz12,255.4,budget
nicely,1790.0,mid-range
urwerk,128752.4,luxury
panerai pam,6892.6,luxury
enicar rare,1713.8,mid-range
mentor,204.5,budget
seiko 5,107.0,budget
seiko herrenuhr,307.2,budget
dionis,244.0,budget
alsta,1564.6,mid-range
osiris,3032.0,luxury
casio alarm,462.2,budget
rolex bubble,4581.4,luxury
calvaneo 1583,153.0,budget
paul jobin,245.0,budget
bulgari bvlgari,6247.8,luxury
cerruti cra23407,275.8,budget
ebel 1911,2956.6,mid-range
chronoswiss regulateur,9879.6,luxury
vogard,9699.0,luxury
breitling lady,1813.6,mid-range
trieste,,unknown
rado centrix,1404.6,mid-range
glass with,3049.6,luxury
omega wooden,4365.6,luxury
breitling galactic,4290.8,luxury
sevenfriday sf,585.2,budget
eto o,11786.25,luxury
hausmann co,3330.4,luxury
dreyfuss co,1372.0,mid-range
rado d,1413.6,mid-range
nisus,575.2,budget
rebellion,61698.0,luxury
tissot everytime,314.0,budget
14kt,3682.4,luxury
joe,723.0,budget
verywatch,,unknown
breitling replacement,5135.0,luxury
meistersinger wristwatch,2320.67,mid-range
seiko pilot,217.2,budget
eterna ellipse,3099.5,luxury
quick mechanics,13880.6,luxury
desotos,1267.0,mid-range
rolex brown,39935.6,luxury
zodiac aerospace,1847.0,mid-range
iwc men,6201.8,luxury
rolex bezel,27292.0,luxury
cartier manual,5379.6,luxury
unbranded,13434.4,luxury
rolex 114300,7625.6,luxury
breitling seawolf,3005.8,luxury
vostok aviation,358.2,budget
zenith solid,4605.6,luxury
guinand helmut,2394.25,mid-range
california,2334.2,mid-range
oris mens,1570.2,mid-range
rolex 1974,7076.0,luxury
philippe,1438992.6,luxury
oris gents,1707.2,mid-range
omax,528.0,budget
cimier,592.0,budget
oris bc3,882.4,budget
blancpain leman,23512.4,luxury
rolex submariner,11019.0,luxury
aero,7265.0,luxury
seiko skx007j1,518.6,budget
hamilton intra,1185.6,mid-range
egyptian panerai,27404.0,luxury
empires,,unknown
longines l3,1200.0,mid-range
meistersinger singulator,4662.0,luxury
gigandet,687.6,budget
breguet tradition,22900.0,luxury
panerai mint,21903.4,luxury
charriol st,938.4,budget
sandoz fils,308.6,budget
croton,1386.4,mid-range
neutral,991.0,budget
mb f,3677.0,luxury
omega papers,10616.0,luxury
rado ceramic,1178.4,mid-range
ventus northstar,15044.8,luxury
556 we,1329.0,mid-range
louis baudin,67314.0,luxury
erwin sattler,30220.4,luxury
record co,822.0,budget
phigied caribbean,443.0,budget
wittnauer 2000,1007.8,mid-range
citizen montre,227.2,budget
mtm ops,1352.0,mid-range
nomos automat,1994.4,mid-range
dewitt,50801.8,luxury
ankra leonidas,142.5,budget
titus geneva,3077.4,luxury
rolex x,8090.0,luxury
iron,458.6,budget
breitling iii,8216.67,luxury
laco augsburg,8602.6,luxury
technomarine cruise,1054.4,mid-range
by lenardo,7659.0,luxury
meylan,2316.2,mid-range
tacs,489.0,budget
mauboussin,2479.8,mid-range
zelcomatic,,unknown
philip king,1438992.6,luxury
pierre kunz,8443.6,luxury
longines conquest,1208.6,mid-range
cartier like,6279.0,luxury
divine,1246.6,mid-range
disney,7258.2,luxury
visconti,2360.6,mid-range
breitling brietling,3127.6,luxury
roamer swiss,254.6,budget
cut,306005.4,luxury
yema,687.8,budget
berne,1339.0,mid-range
myon paris,,unknown
bulova men,560.4,budget
jean herber,332.0,budget
gubelin,6836.8,luxury
guard ruhla,21881.4,luxury
citizen aviator,250.2,budget
strapholic 26mm,,unknown
bianchi marseille,2446.6,mid-range
sinn 903st,3329.0,luxury
longines calatrava,1142.4,mid-range
nomos minimatik,2731.4,mid-range
montblanc 20mm,1858.8,mid-range
being,23991.6,luxury
vulcain aviator,3141.6,luxury
tarnan,298.0,budget
chronoswiss regulator,7081.2,luxury
breitling pin,6577.6,luxury
amundsen,,unknown
longines prestige,2707.4,mid-range
citizen cb5007,537.4,budget
air,4040.6,luxury
g gerlach,610.0,budget
porsche indicator,12213.0,luxury
dpw militare,1276.5,mid-range
tutima titanium,2414.8,mid-range
avenue,17517.8,luxury
lancyl,407.0,budget
omega double,3833.8,luxury
rolex oysterdate,2129.0,mid-range
ansonia,,unknown
medana,321.25,budget
rolex 214270,7531.6,luxury
bracelet add,2170.4,mid-range
hermes cape,2066.4,mid-range
garrard,8103.8,luxury
fendi fendi,758.2,budget
rolex pre,12127.6,luxury
rolex 116200,6960.4,luxury
rodana,1213.25,mid-range
omega 1969,3148.6,luxury
meistersinger singular,3042.4,luxury
chopard strap,4077.8,luxury
nomos tangent,2040.8,mid-range
tudor grandtour,3437.33,luxury
rolex sea,12097.0,luxury
delma,1534.4,mid-range
bergeon,34.0,budget
citizen 100m,1217.0,mid-range
citizen cto,308.2,budget
seven,10112.0,luxury
steel bracelet,7258.4,luxury
miramar,5092.4,luxury
pauma,1513.8,mid-range
piaget gouverneur,7888.4,luxury
sturmanskie 2609,627.2,budget
nicolet mans,1408.4,mid-range
iwc schaffhausen,2932.2,mid-range
russian 33mm,4901.25,luxury
rolex custom,11398.4,luxury
swiza,323.2,budget
muhle glashutte,1751.6,mid-range
dorsheimer,,unknown
toywatch,157.0,budget
rolex ladies,7640.6,luxury
chrono matic,4658.4,luxury
zenith 01,7778.2,luxury
sevenfriday p1b,847.0,budget
suede strap,22194.6,luxury
maurice de,1645.0,mid-range
iwc pilot,6701.2,luxury
rolex 16610,11801.8,luxury
david yurman,2280.6,mid-range
oris rectangular,1362.2,mid-range
subway,,unknown
jean d,20311.2,luxury
gant gtad08200499i,165.25,budget
diesel,120.6,budget
relojes wenger,,unknown
12mm rado,498.0,budget
message ovresize,8563.0,luxury
piaget dress,7506.6,luxury
rolex folded,7169.6,luxury
sinn ezm3,2143.0,mid-range
seiko 45ks,952.4,budget
rolex 2,26469.0,luxury
felser s,1165.5,mid-range
iwc cal,27510.2,luxury
lechner johsef,,unknown
iwc 5103,9564.4,luxury
habring2,10631.4,luxury
tudor hydronaut,2329.0,mid-range
glashutte 35mm,1872.0,mid-range
rolex 6694,2148.0,mid-range
seiko rare,413.0,budget
omega memomatic,2582.0,mid-range
gc,10606.2,luxury
iwc unitas,6701.2,luxury
l m,18822.0,luxury
pocket,94621.6,luxury
lucien rochat,2764.2,mid-range
vulcain,2546.8,mid-range
maserati r8823112004,321.8,budget
diver,4403.0,luxury
tropic gris,585205.2,luxury
saxonia,19274.8,luxury
longines evidenza,1266.0,mid-range
tb buti,1675.6,mid-range
celier nos,,unknown
locman tuttotondo,364.0,budget
poljot sturmanskie,667.0,budget
tissot steel,322.8,budget
rolex 14060m,9588.4,luxury
zelos swordfish,448.6,budget
breitling 765,11700.4,luxury
era,3918.8,luxury
panerai marina,6463.2,luxury
omega winding,897.2,budget
nomos glassworks,1426.0,mid-range
angelus chronodato,3920.4,luxury
camy,423.4,budget
men s,4349.0,luxury
hermes like,2643.5,mid-range
blancpain fifty,11342.0,luxury
faberge,10271.0,luxury
players,177365.6,luxury
buren grand,676.8,budget
seiko srpe11j1,1625.5,mid-range
montblanc men,1464.0,mid-range
do,85653.4,luxury
pontiac,210.6,budget
guenat sa,,unknown
bulova 1976,2910.0,mid-range
arguments,,unknown
lindburgh benson,1726.0,mid-range
moritz grossmann,34053.6,luxury
casio efr,331.4,budget
chain,48031.4,luxury
omega pocket,2264.6,mid-range
solvent,,unknown
locman italy,1393.4,mid-range
rolex service,7306.0,luxury
rolex 1530,21657.4,luxury
chromachron,349.67,budget
newton,2365.8,mid-range
breguet xx,9087.8,luxury
trematic,2393.0,mid-range
bulgari sakae,8472.0,luxury
glashutte panorama,9160.4,luxury
nb yaeger,1608.4,mid-range
oris folding,3352.0,luxury
montblanc brown,13554.33,luxury
presage spb111,939.67,budget
boccia,118.0,budget
hublot warranty,16031.8,luxury
matthew norman,1648.4,mid-range
anonymous epurato,1422.8,mid-range
rado,1060.2,mid-range
edox,683.2,budget
memorigin tourbillon,3417.4,luxury
iwc fliegeruhr,6701.2,luxury
steinhart,523.4,budget
selectron,1998.8,mid-range
memotime,678.2,budget
fortis terrestis,1064.8,mid-range
gp,1217.6,mid-range
emka geneve,1854.0,mid-range
zenith de,10095.8,luxury
zenith finali,8506.8,luxury
ar je,9958.4,luxury
a lange,204765.4,luxury
other,1853.6,mid-range
sutter,,unknown
reporter,816.33,budget
brass pocket,4547.5,luxury
two us,273.8,budget
march la,6474.8,luxury
rolex skydweller,39134.8,luxury
spacematic fortis,1070.0,mid-range
cartier panthere,3652.6,luxury
gallet,6070.0,luxury
breitling chronoliner,8972.2,luxury
longines with,1638.4,mid-range
are u1,5542.6,luxury
spazio21 it,,unknown
daniel roth,118858.8,luxury
rolex 5500,3067.6,luxury
zeppelin flatline,459.4,budget
neusilber,146433.0,luxury
apple,634.6,budget
tiffany ladies,2874.8,mid-range
rolex 1981,4854.8,luxury
hosam de,700.0,budget
venus,3723.0,luxury
nethuns scuba,345.67,budget
omega 17mm,2837.4,mid-range
seiko,791.2,budget
omega 24h,2991.6,mid-range
aurore,2877.4,mid-range
nixon,149.0,budget
favre leuba,2244.4,mid-range
zenith manual,3506.2,luxury
glashutte panomaticlunar,10419.0,luxury
georg jensen,1472.6,mid-range
seiko srpd79k1,322.6,budget
chronoswiss tora,4129.4,luxury
sevenfriday new,1475.4,mid-range
let go,25500.4,luxury
excelsior,3978.6,luxury
tissot le,539.4,budget
omega,9420.2,luxury
cyma dirty,2793.6,mid-range
seiko ssc761j1,527.5,budget
rolex explorer,5595.8,luxury
rolex 2019,22348.8,luxury
tissot ballade,568.2,budget
pasquale bruni,386.0,budget
folgore parachute,280.25,budget
plot,8625.8,luxury
york,3432.4,luxury
longines admiral,763.2,budget
2 elements,95658.4,luxury
rolex 16713,12156.0,luxury
wittnauer,411.8,budget
iwc buffalo,10260.0,luxury
seiko grand,3043.0,luxury
crepas tactico,2332.0,mid-range
diamond,675.0,budget
orient bambino,214.6,budget
bremont alt1,5138.6,luxury
hublot stainless,11643.0,luxury
giren dupre,,unknown
bomberg gambler,919.4,budget
louisiana,16677.2,luxury
rolex 7205,2777.33,mid-range
versace,548.8,budget
rolex strap,16149.4,luxury
ebel sport,2078.2,mid-range
bergstern,,unknown
tudor pointer,5480.4,luxury
mathey,846.0,budget
additional brands,4857.4,luxury
hamilton broadway,578.4,budget
spinnaker tesei,507.0,budget
win,12999.4,luxury
helfer diver,12508.0,luxury
breitling aero,2817.0,mid-range
zeno,698.0,budget
seiko ii,12781.8,luxury
citizen radio,699.4,budget
zelos mako,673.8,budget
titoni seascoper,1890.2,mid-range
michel herbelin,873.4,budget
iwc rakuten,6701.2,luxury
seiko 56ks,478.8,budget
gevril,1126.0,mid-range
suter,,unknown
cronometro work,15581.4,luxury
guess,217.6,budget
meistersinger men,1705.8,mid-range
helbros,483.8,budget
tudor by,1818.2,mid-range
certina manual,389.4,budget
is 356,137786.6,luxury
omega jumbo,1569.4,mid-range
panerai 24x22mm,5947.0,luxury
cartier 18,6269.4,luxury
rolex 3186,14762.8,luxury
montblanc 4810,1858.0,mid-range
i have,2127.0,mid-range
ikepod,3308.0,luxury
kirovskie kirov,247.4,budget
seiko padi,503.6,budget
rolex 16660,9396.2,luxury
fpjourne francois,161487.2,luxury
seiko 6139,802.6,budget
zannetti handmade,5248.0,luxury
versace vbp10,548.8,budget
abeler sons,322.5,budget
leroy,42215.6,luxury
tissot gents,815.4,budget
mct,68118.4,luxury
savar galician,10029.0,luxury
seiko srpd73k1,302.8,budget
d dornbluth,7994.0,luxury
tissot stainless,511.6,budget
panerai rubber,5006.2,luxury
pd,13160.6,luxury
omega deployant,9370.0,luxury
wakmann triple,3624.4,luxury
zenith 2017,5785.0,luxury
lilienthal berlin,194.75,budget
rolex nos,227701.0,luxury
seiko ks,567.6,budget
louis moinet,134536.8,luxury
money,34427.8,luxury
rolex 2014,23979.8,luxury
breitling shark,1454.4,mid-range
bruno sohnle,542.8,budget
junkers bauhaus,291.0,budget
perseo 6790,236.6,budget
laco atlantik,1134.4,mid-range
telda,636.8,budget
bulgaria eight,1749.0,mid-range
venetian mechanics,,unknown
citizen bn0201,366.75,budget
sinn 104,1350.0,mid-range
aureole,678.6,budget
orient sun,348.0,budget
alpina silicone,547.8,budget
damn,,unknown
shinola,1152.0,mid-range
value,6106.0,luxury
blacksmiths,,unknown
yes,13308.0,luxury
omega white,5495.8,luxury
garmin unisex,1039.8,mid-range
hermes clipper,663.6,budget
swatch,419.8,budget
suede leather,2542.0,mid-range
manu,6623.0,luxury
zenith gold,7263.0,luxury
rolex mens,14165.6,luxury
jeanrichard,1293.8,mid-range
corum bubble,2795.8,mid-range
meistersinger,1400.4,mid-range
mido men,1078.8,mid-range
lycke,,unknown
thermidor very,218.0,budget
orient day,560.2,budget
rolex 16613,10246.8,luxury
h2o,10084.6,luxury
tobias,474.0,budget
calendolux,,unknown
bulgari serpenti,16316.2,luxury
breitling wings,2713.4,mid-range
basilica,689.5,budget
junkers 6060,354.5,budget
clocks clock,833.8,budget
shower weather,334.0,budget
lanco,430.6,budget
wakmann,2723.8,mid-range
samson london,,unknown
iwc case,7151.8,luxury
jewel,360.8,budget
date mouth,16937.4,luxury
juveran,,unknown
tonino lamborghini,804.0,budget
given tangent,1407.2,mid-range
laco pilot,754.8,budget
duward,428.8,budget
spinnaker cahill,423.8,budget
jean lassale,4341.4,luxury
meister,1726.8,mid-range
names lux,,unknown
adi gallery,1509.8,mid-range
chanel premiere,3843.8,luxury
clarna,,unknown
stowa fliegerruhr,875.4,budget
laco rad,3594.0,luxury
tudor royal,2506.6,mid-range
tourby,1597.0,mid-range
ikepod isopode,3227.4,luxury
hema diver,15992.0,luxury
jules jurgensen,299.4,budget
milus,3528.2,luxury
undone,422.4,budget
fashion leather,4154.0,luxury
nomos tangomat,51847.0,luxury
atlantic,612.8,budget
bossi,1981.0,mid-range
seiko astron,1238.0,mid-range
ball nm2188c,1346.0,mid-range
hesperia,,unknown
cadets,,unknown
tw steel,430.2,budget
mido leather,1139.6,mid-range
larco,8536.0,luxury
neutral tangente,991.0,budget
speedmaster,13799.8,luxury
sinn duochronograph,2911.4,mid-range
wittnauer bacalite,411.8,budget
raid,1612.2,mid-range
old england,455.67,budget
cartier must,2330.6,mid-range
john sanderson,56653.8,luxury
breitling aerospace,2827.8,mid-range
ricoh,248.2,budget
carriage clock,4110.6,luxury
rolex yacht,31187.6,luxury
monard geneve,17524.4,luxury
messerschmitt,382.2,budget
breitling sure,4494.4,luxury
memphis belle,1097.4,mid-range
tutima fx,1935.0,mid-range
minase,2826.2,mid-range
orient man,1669.0,mid-range
seiko kinetic,186.4,budget
damascus,1547.4,mid-range
breitling bandglied,4986.0,luxury
agir,576.0,budget
mhr mahara,1464.0,mid-range
swiss emperor,721.67,budget
iwc pilots,6701.2,luxury
tavernier,672.33,budget
zenith defy,10095.8,luxury
brm,4990.6,luxury
heuer monza,4603.6,luxury
mondia submariner,443.0,budget
festina,1418.6,mid-range
armand nicolet,1408.4,mid-range
longines golden,565.2,budget
bulova 23,1424.2,mid-range
uhrenetui,,unknown
junkers g38,449.0,budget
tamara comolli,778.0,budget
yema pilot,431.0,budget
omega 2020,7588.4,luxury
longines le,2422.2,mid-range
ap rubber,10338.4,luxury
luber very,,unknown
vostok komandirsky,118.8,budget
dugena 14kt,873.0,budget
zenith antique,1091.6,mid-range
luminox atacama,613.8,budget
seiko recraft,315.8,budget
seiko bell,769.0,budget
patek philippe,1469998.2,luxury
marcus,21124.8,luxury
oris divers,1303.6,mid-range
rolex mint,16939.8,luxury
habring2 jumping,12322.33,luxury
claude meylan,6660.8,luxury
omega steel,6451.2,luxury
rolex deep,21093.6,luxury
swiss superio,495.0,budget
revue,985.4,budget
armani ar1400,151.2,budget
romain jerome,9184.0,luxury
baume,1206.0,mid-range
beco,139.5,budget
rolex cosmograph,133285.6,luxury
dunhill,1703.8,mid-range
glashutte navigator,4106.2,luxury
laco,8536.0,luxury
galatasaray,,unknown
miscellaneous,9270.0,luxury
stuhrling skeleton,252.33,budget
unsigned 40,789.0,budget
breitling bentley,5456.6,luxury
breitling blackbird,3771.0,luxury
orfina porsche,5632.8,luxury
theorein kelek,2517.4,mid-range
jewelry store,63032.4,luxury
zenith bolsillo,8506.8,luxury
locman ducati,737.8,budget
rolex ceramic,29301.2,luxury
longines longines,2318.0,mid-range
meteor,294058.2,luxury
top,10146.8,luxury
rado dome,1060.2,mid-range
blacksand,,unknown
festina chrono,1028.0,mid-range
stowa,875.4,budget
tourneau,10400.0,luxury
kronos sport,645.6,budget
one eco,2479.6,mid-range
zelos,591.4,budget
omega 1915,4670.8,luxury
certina ds,574.2,budget
from,8194.4,luxury
aigner,372.67,budget
union,3966.6,luxury
bovet 1822,32766.5,luxury
diesel dz,120.6,budget
eternal matic,32234.6,luxury
rolex hang,14714.6,luxury
then,2563.2,mid-range
iwc iw544203,7022.2,luxury
oris date,1084.8,mid-range
rolex clasp,11136.8,luxury
h moser,23566.4,luxury
beneton,,unknown
oris artelier,981.8,budget
breitling tag,4249.6,luxury
oris bc,1022.2,mid-range
le bois,1668.0,mid-range
omega speedmaster,11112.6,luxury
tissot t,335.0,budget
squale,866.8,budget
snyper,5915.6,luxury
junghans max,809.4,budget
iwc probus,1698.0,mid-range
heuer camaro,8732.6,luxury
longines solo,2125.8,mid-range
bremont norton,7480.5,luxury
scubapro,2971.4,mid-range
name,11708.4,luxury
chanel nagoya,6097.6,luxury
omega 22mm,686.2,budget
silicone strap,1103.4,mid-range
nsa,2352.4,mid-range
breitling callisto,1616.6,mid-range
burberry stainless,297.2,budget
rolex master,27935.6,luxury
memphis bell,1084.6,mid-range
that,90736.2,luxury
vintain,6111.4,luxury
breitling box,5992.8,luxury
ruhla guard,358.2,budget
oris art,872.8,budget
zenith sword,8506.8,luxury
tension spring,2307.5,mid-range
longines 9lt,913.67,budget
dwiss,1914.4,mid-range
vagary,100.4,budget
eight bulgarian,3615.4,luxury
thurs monaco,857.0,budget
lotus trendy,348165.6,luxury
zenith el,7679.2,luxury
raidillon,2325.4,mid-range
hamilton leather,772.8,budget
corum,8209.4,luxury
valor,773.4,budget
pierre cardin,154.4,budget
louis erard,2771.2,mid-range
iwc 50,3266.0,luxury
skantic,349.0,budget
chronoswiss sirius,7455.4,luxury
rolex 1500,4208.0,luxury
hublot steel,8550.4,luxury
gold,38623.6,luxury
vialux,,unknown
rolex 2020,40865.0,luxury
hamilton h76419531,853.8,budget
l bruat,117.0,budget
pop pilot,185.0,budget
niton,149.0,budget
aragon,,unknown
vivienne westwood,265.0,budget
perseo,236.6,budget
courm,8209.4,luxury
count geneva,6283.0,luxury
gander,1250.2,mid-range
bulova,490.6,budget
d1,15409.4,luxury
rolex complete,23520.6,luxury
breitling patrouille,3553.6,luxury
crocodile leather,9826.2,luxury
walker,1444.2,mid-range
davosa suits,918.8,budget
omega very,4573.6,luxury
graham,3294.2,luxury
lebanon,,unknown
longines l2,2343.8,mid-range
zenith leather,3684.4,luxury
heuer,8196.4,luxury
chanel j12,3607.6,luxury
cartier box,7370.6,luxury
duward aquastar,3052.8,luxury
24mm black,2852.0,mid-range
ingersoll jefferson,254.2,budget
android,710.6,budget
snyper ironclad,4925.33,luxury
bulova small,435.5,budget
mondia,347.4,budget
zentra,263.0,budget
handmade swiss,2689.0,mid-range
sicura by,360.0,budget
rolex 2002,8287.8,luxury
zenith sporto,1109.4,mid-range
orfina sports,5632.8,luxury
zeppelin ladies,277.0,budget
oriosa,529.2,budget
casio general,409.0,budget
phantoms,1182.0,mid-range
heuer monaco,19650.6,luxury
panerai luminor,5191.0,luxury
steinmeyer pforzheim,,unknown
bulgari aluminum,1680.4,mid-range
sternglas,271.4,budget
rolex 1803,17029.0,luxury
richard,1729933.2,luxury
kerbholz,,unknown
cannon,3743.0,luxury
damasko dc67,2743.0,mid-range
duward new,282.67,budget
longines 1945,1534.2,mid-range
chaumet class,1577.2,mid-range
difficult,,unknown
vostok 2416,306.2,budget
dreyfuss,1372.0,mid-range
chronoswiss timemaster,3650.4,luxury
seiko diver,865.6,budget
edox ladies,683.2,budget
nicolet,1408.4,mid-range
silvana,559.4,budget
panerai croco,8059.2,luxury
junghans telemeter,2561.4,mid-range
reservoir,3065.0,luxury
askania,2306.4,mid-range
rolex 16013,5510.2,luxury
medco,912.4,budget
tissot prc,340.2,budget
hublot king,16290.8,luxury
lanco swiss,485.4,budget
double points,131814.8,luxury
roamer 220,466.8,budget
texas instruments,624.33,budget
undive,834.0,budget
longines ernest,3422.0,luxury
magalex,1398.5,mid-range
breguet classique,14707.2,luxury
eichmuller skeleton,,unknown
heckler koch,292.0,budget
citizen ny0091,222.0,budget
rolex 1675,14020.2,luxury
seiko prospex,875.8,budget
komono,,unknown
alex huning,19822.33,luxury
1960s,3873.2,luxury
omega cal111018k,9300.6,luxury
audaz reef,370.8,budget
chopard fresh,11478.6,luxury
pop,921.6,budget
fortis 656,2031.4,mid-range
chronoswiss lunar,3200.0,luxury
churpfalzische uhrenmanufaktur,,unknown
choose,23906.0,luxury
breilting,4494.4,luxury
philippe charriol,575.4,budget
breitling sirius,2091.0,mid-range
cowhide leather,6712.5,luxury
eterna regatta,972.6,budget
hmt,48.6,budget
stein diamonds,1869.0,mid-range
jaguar,3609.8,luxury
oris black,1542.2,mid-range
graf,28607.2,luxury
michele,967.6,budget
thermidor polerouter,218.0,budget
rolex bamford,16929.0,luxury
g beguelin,21212.4,luxury
zenith silver,8348.4,luxury
fremes,,unknown
bulova accutron,1471.4,mid-range
ap,22229.4,luxury
seiko king,880.4,budget
charriol men,682.0,budget
breitling general,2682.0,mid-range
inlay,11919.4,luxury
longines 431,1581.4,mid-range
traser p49,473.2,budget
vulcain 50s,3838.6,luxury
chrono,26964.4,luxury
timex q,143.4,budget
prim,2422.2,mid-range
travel size,22450.0,luxury
breitling super,4002.0,luxury
benzinger,10119.8,luxury
bellini,344.0,budget
breguet heritage,16796.6,luxury
ruhla,358.2,budget
phillip,24248.8,luxury
case,11345.8,luxury
quinting le,21435.4,luxury
bulova oceanographer,578.8,budget
kelek oversize,3978.25,luxury
heinrich erb,1399.25,mid-range
rolex with,9721.4,luxury
smith,628.2,budget
seiko sport,335.6,budget
michael kors,142.4,budget
zenith mat,9873.25,luxury
rolex 1992,6340.8,luxury
electra,3678.6,luxury
certina club,208.0,budget
cartier tonneau,10509.6,luxury
last,137496.0,luxury
kaufmann leather,,unknown
longines record,1467.4,mid-range
folding,6222.6,luxury
tissot gentleman,487.8,budget
bulova lunar,578.6,budget
cartier tankissime,13755.4,luxury
bulgari daniel,13164.6,luxury
fortis leather,1212.6,mid-range
bremont mbii,2998.2,mid-range
rolex 115200,6426.8,luxury
seiko sla033,4626.6,luxury
hamilton,728.0,budget
army,886.2,budget
ball,1370.8,mid-range
mido commander,726.0,budget
omega square,831.2,budget
hanhart professionally,3807.8,luxury
zeppelin men,322.0,budget
longines oposition,343.2,budget
hamilton khaki,633.6,budget
cyma autoquartz,544.8,budget
perrelet,3987.6,luxury
laurent ferrier,52019.8,luxury
breitling 888e,7214.0,luxury
bamford,16202.2,luxury
enzo,481.75,budget
bering time,144.2,budget
roundex,1662.0,mid-range
rolex cellini,5388.2,luxury
group,893.2,budget
ball fireman,1206.8,mid-range
stromners ur,,unknown
bulova computron,504.2,budget
hamilton titanium,781.2,budget
davosa simplex,489.0,budget
chronoswiss,6707.8,luxury
gucci ladies,570.8,budget
chronosport,1701.6,mid-range
paul legrande,95393.4,luxury
rodania monopusher,4301.6,luxury
breitling calf,5870.4,luxury
poljot,436.0,budget
seiko snk361k1,189.0,budget
paul edward,95393.4,luxury
spinnaker fleuss,766.4,budget
william,1967.6,mid-range
is 203,155226.8,luxury
schaumburg unikatorium,2153.0,mid-range
serene marceau,8312.0,luxury
terra cielo,1567.4,mid-range
zelos hammerhead,754.2,budget
crocodile strap,10464.0,luxury
summit,535.8,budget
diesel mini,182.0,budget
orient ray,211.2,budget
camel active,490.8,budget
seiko ananta,2655.8,mid-range
zeppelin 100,1032.8,mid-range
kronaby,343.0,budget
montblanc 1858,3473.4,luxury
anonimo,2890.4,mid-range
j w,13273.4,luxury
kronos,645.6,budget
fortis cosmonauts,2066.4,mid-range
harding,,unknown
longines digital,647.0,budget
omega deville,801.0,budget
tudor dec,3521.8,luxury
stowa antea,756.4,budget
celier,,unknown
samson,,unknown
breitling dial,6367.0,luxury
berthier,58.0,budget
vertigo,1159.0,mid-range
rolex 16233,6607.2,luxury
tissot chrono,492.8,budget
grimoldi,1585.0,mid-range
rona,5976.0,luxury
omega 020st1578973,9300.6,luxury
seiko srpd21,514.0,budget
universal geneva,4843.0,luxury
swiss,18178.6,luxury
seiko scuba,324.4,budget
devon,15432.6,luxury
debert,,unknown
refurbished,1934.6,mid-range
vitntage,6111.4,luxury
jura,25281.2,luxury
this year,7792.2,luxury
rolex white,19780.6,luxury
iwc box,7136.8,luxury
zenith strap,6269.4,luxury
alfred dunhill,1703.8,mid-range
arnold son,21300.0,luxury
electronics 1,,unknown
cartier gents,10591.75,luxury
eterna 1973,1849.2,mid-range
mast milano,25902.4,luxury
lanel,6097.6,luxury
movado museum,272.6,budget
omega 1968,4678.0,luxury
uncle seiko,749.6,budget
longines ardiglione,2318.0,mid-range
clouds,6206.4,luxury
longines agassiz,3694.6,luxury
junghans junghanz,1785.0,mid-range
vagenari rubber,,unknown
safe breitling,12243.0,luxury
breguet le,15557.6,luxury
junghans wristwatch,443.0,budget
zlatoust,676.75,budget
links,6818.6,luxury
solvil titus,618.8,budget
meistersinger lunascope,4464.2,luxury
omega specialities,7617.0,luxury
slava 21,338.0,budget
montblanc strap,1580.2,mid-range
piaget lady,5700.2,luxury
carl,1686.8,mid-range
relide,1048.0,mid-range
luxury louvic,5418.4,luxury
mercedes benz,4182.2,luxury
tactico anko,2158.0,mid-range
hamilton x,853.2,budget
cartier baignoire,7753.6,luxury
omega dark,9323.2,luxury
lorus,117.4,budget
suf,8099.0,luxury
citizen aw5000,163.0,budget
longines coin,2479.4,mid-range
time designer,4092.5,luxury
silver erotic,12708.0,luxury
ingersoll seattle,219.2,budget
obaku,,unknown
seiko skx007k2,318.2,budget
gorilla,2350.8,mid-range
jb joachim,18107.4,luxury
ancon,486.0,budget
chronoswiss unused,6707.8,luxury
philippe dubois,4082.0,luxury
pierfa,,unknown
chopard,11478.6,luxury
rolex ratchet,26616.4,luxury
mulco escafandra,3109.67,luxury
rolex 126300,12484.6,luxury
casio lcw,252.4,budget
eberhard manual,2880.4,mid-range
ed,133857.2,luxury
rolex bubbleback,5887.0,luxury
luch,184.0,budget
harvard,5977.0,luxury
very beautifull,11821.8,luxury
tissot pr,770.0,budget
hammelmann essen,,unknown
mulco,2880.8,mid-range
oakley usa,741.8,budget
cool,3841.4,luxury
friedrich,7864.2,luxury
helmut mayr,2059.2,mid-range
rolex oysterflex,44131.8,luxury
seiko snkp23,290.0,budget
rolex date,17415.0,luxury
nethuns ocean,510.0,budget
breitling men,5496.0,luxury
buran,1037.6,mid-range
01 one,8654.4,luxury
elysee,248.0,budget
ebel,1878.8,mid-range
email,1397.2,mid-range
seiko sun069p1,791.2,budget
tutima,2717.0,mid-range
omega 522,7532.4,luxury
glashutte i,70562.4,luxury
margi,276.2,budget
zenith grand,9946.4,luxury
caps,3871.6,luxury
very rare,37129.8,luxury
airnautic,,unknown
alpina alpiner,812.6,budget
carl von,349.0,budget
nike,1073.8,mid-range
versace vco010,548.8,budget
glashutte 100,10711.4,luxury
tauchmeister,,unknown
lacoste,158.0,budget
memosail,950.0,budget
aug malmqvist,16233.2,luxury
lexor golduhr,192.0,budget
casio,567.8,budget
zenith blue,8810.0,luxury
ct scuderia,624.2,budget
swarovski 585,790.2,budget
boegli,2510.2,mid-range
rolex medio,8432.8,luxury
rolex 116710ln,12498.0,luxury
cartier pasha,5589.4,luxury
britix,699.0,budget
anonymous dino,1422.8,mid-range
roxy,291.0,budget
zrc,4625.6,luxury
movement 90,46272.67,luxury
box movement,8341.6,luxury
rene mouris,892.6,budget
versace v1104,1362.0,mid-range
iwc strap,7565.4,luxury
atlantic rare,360.0,budget
marc nicolet,1284.2,mid-range
edouard lauzieres,7111.4,luxury
rolex 2015,28062.0,luxury
temption,2158.4,mid-range
clemont,,unknown
omega 1998,2339.0,mid-range
eza,564.0,budget
we 556,1329.0,mid-range
zeno basel,698.0,budget
voumard,369.5,budget
giuliano mazzuoli,1999.6,mid-range
poljot luch,359.2,budget
rolex 1995,9459.4,luxury
omega 162,1021.0,mid-range
oceanx,825.2,budget
plastic glass,5828.0,luxury
silver,1582.2,mid-range
grand seikod,3043.0,luxury
iwc portuguese,10581.4,luxury
rolex 26mm,4838.6,luxury
oris star,1023.8,mid-range
cartier crocodile,7622.4,luxury
black rubber,23249.4,luxury
otar hand,,unknown
lamberti watchmakers,519.0,budget
german precision,582.2,budget
zenith 03,9362.8,luxury
aerowatch 24924,939.4,budget
breitling chronospace,3888.4,luxury
briston,730.2,budget
rolex hat,9581.0,luxury
rolex 116000,6357.0,luxury
blancpain blancpain,8919.6,luxury
88 rue,794854.4,luxury
from esser,6680.6,luxury
van cleef,233554.8,luxury
beuchat,351.4,budget
accurist,372.2,budget
forsam 60s,220.5,budget
ice,72693.6,luxury
eterna pocket,2106.6,mid-range
rolex seadweller,12178.6,luxury
vos t,455.4,budget
stuhrling,241.6,budget
thunderbirds,2157.0,mid-range
omega 60s,11355.8,luxury
mill glassworks,1729933.2,luxury
montablanc,1858.8,mid-range
montblanc star,1026.2,mid-range
mechanics,1853.5,mid-range
new,25714.8,luxury
arcadia,1382.2,mid-range
tudor men,2506.6,mid-range
guinand,2196.4,mid-range
omega 311,8064.0,luxury
poljot 3133,328.2,budget
rolex 16000,5583.8,luxury
progress,729.0,budget
rolex datejust,18559.2,luxury
honey,6403.4,luxury
omega crown,1531.6,mid-range
philip,1469998.2,luxury
citizen nh8350,205.0,budget
amc,1079.0,mid-range
kobold,3588.6,luxury
iwc iw371482,10585.6,luxury
eska,1099.2,mid-range
versus versace,183.67,budget
f ducommun,18908.8,luxury
rolex diamond,18875.0,luxury
ventus,15044.8,luxury
clock power,3275.8,luxury
from headquarters,8194.4,luxury
omega pink,15156.4,luxury
who,3625.0,luxury
jenny swiss,300.0,budget
zenith oversize,993.4,budget
nth,597.0,budget
aerowatch,810.0,budget
breguet xxi,8390.6,luxury
gio,1706.0,mid-range
spaceman,534.0,budget
longines military,1762.4,mid-range
fero feldmann,364.8,budget
majestic,10365.4,luxury
dreyfus co,1372.0,mid-range
doxa,1037.6,mid-range
bedat co,2425.0,mid-range
puma,72.0,budget
coultre ebache,4898.6,luxury
citizen citizen,308.2,budget
22mm leather,6698.2,luxury
singer,28345.6,luxury
conversion,1013.6,mid-range
baylor,689.67,budget
bracelet,878.0,budget
rolex day,35635.6,luxury
louvic mysterious,524.0,budget
forest,6147.8,luxury
oris aviation,1955.6,mid-range
cvstos,9862.8,luxury
cartier,8667.0,luxury
cartier tank,4875.8,luxury
cerruti,275.8,budget
eone,320.67,budget
mill teutonia,1729933.2,luxury
vacheron,36472.8,luxury
kendall,2507.0,mid-range
gerald charles,23262.2,luxury
uhlmann,,unknown
f s,24174.8,luxury
maserati,321.8,budget
yvanmonnet geneva,,unknown
mr jones,968.5,budget
thermidor dark,218.0,budget
omega movement,2341.0,mid-range
assmann,86782.8,luxury
glashutte muhle,1751.6,mid-range
rolex genuine,10129.0,luxury
cartier cartier,5544.4,luxury
georges rosselet,3260.4,luxury
bmw,2120.0,mid-range
sugess luminous,263.0,budget
aquastar,2268.6,mid-range
us military,359.6,budget
vanroy new,1071.0,mid-range
timor,1457.2,mid-range
bronze,9664.4,luxury
piaget ladies,16311.2,luxury
unimatic u1,1053.4,mid-range
orient monarch,214.8,budget
seiko sujg69p1,791.2,budget
iwc mens,7210.4,luxury
auguste favre,535.4,budget
iwc aquatimer,4053.4,luxury
seiko alpinist,938.0,budget
gucci ya1265009,938.0,budget
graham swordfish,5869.6,luxury
chronometre boon,13485.2,luxury
tiffany,1506.0,mid-range
ogival,306.8,budget
omega flightmaster,16511.6,luxury
ginsbo,254.0,budget
cubic switzerland,422.5,budget
aureus,,unknown
porsche,2829.4,mid-range
linde werdelin,14639.2,luxury
rolex cyclope,16929.2,luxury
seiko seiko,799.0,budget
tissot prs,460.0,budget
jolus,1589.33,mid-range
1,18418.4,luxury
rolex president,28410.8,luxury
jacques etoile,1560.8,mid-range
ball rail,1370.8,mid-range
tutima m2,1897.2,mid-range
chronometre suisse,3409.4,luxury
garmin 010,1134.2,mid-range
kienzle,439.8,budget
oriental,851.8,budget
eilux,3528.2,luxury
chaumet,1342.8,mid-range
franc vila,11968.2,luxury
breitling steel,4818.0,luxury
alpina stainless,1310.8,mid-range
lip tallon,1155.8,mid-range
trivera,1187.2,mid-range
in a,39367.2,luxury
certina heritage,913.0,budget
added,18010.0,luxury
longines manual,720.6,budget
mestril extra,,unknown
one,3430.6,luxury
glycine airman,935.4,budget
cimier seven,863.6,budget
claude,1800.0,mid-range
alligator strap,3817.2,luxury
versace vzi010017,548.8,budget
richard mille,1729933.2,luxury
slyde,7784.0,luxury
saint blaise,2381.2,mid-range
800,1153.6,mid-range
surex,,unknown
teknoplast,,unknown
auricoste spirotechnique,2303.25,mid-range
hemel,350.0,budget
vostok europe,511.6,budget
steel 22mm,2834.4,mid-range
sector no,479.4,budget
seiko snkl41k1,791.2,budget
erguel swiss,420.0,budget
quinting,21435.4,luxury
corum buble,4738.5,luxury
barrel,6796.8,luxury
breguet box,35455.2,luxury
cvstos challenge,10684.2,luxury
rolex card,17574.2,luxury
piaget uhrenbox,28442.8,luxury
heuer bund,4451.4,luxury
longines heritage,1896.8,mid-range
f schneider,17732.8,luxury
rolex geneve,31276.0,luxury
laco memmingen,1272.4,mid-range
nappey,187.0,budget
st moritz,4024.0,luxury
robert c,1067.4,mid-range
bondix,1563.0,mid-range
xemex,1689.0,mid-range
seiko ssc715p1,791.2,budget
yves saint,1203.6,mid-range
omega rare,1623.0,mid-range
omega gents,1865.8,mid-range
zeppelin lz129,338.6,budget
norvina,,unknown
carl f,1686.8,mid-range
wostok,106.4,budget
grand seiko,3043.0,luxury
sinn 158,3311.5,luxury
glashutte leather,7694.6,luxury
see diving,287.0,budget
iwc 18k,5119.2,luxury
fpjourne,161487.2,luxury
gay freres,6239.6,luxury
victor kullberg,2554.0,mid-range
regia,1870.4,mid-range
h stern,8056.0,luxury
nacar,1027.4,mid-range
rotherhams,,unknown
pocket pocket,94621.6,luxury
heuer dial,2785.0,mid-range
seiko titanium,1006.2,mid-range
starina,,unknown
ox junior,24072.6,luxury
powerful,1614.25,mid-range
longines synthetic,4245.0,luxury
gucci men,596.0,budget
regia plongee,1870.4,mid-range
breitling b,4986.0,luxury
provita,,unknown
omega 220,4368.0,luxury
festina new,326.4,budget
seiko srpd81k1,332.6,budget
tudor grantour,3228.4,luxury
ralco,312.0,budget
sailor,3435.0,luxury
iungfrau,,unknown
rolex 5,10079.4,luxury
everest roll,63727.2,luxury
emka sa,1854.0,mid-range
corum rubber,4650.2,luxury
hermes heure,8384.0,luxury
tabbah,1630.8,mid-range
vigoria miletto,662.75,budget
